-- phpMyAdmin SQL Dump
-- version 5.1.0
-- https://www.phpmyadmin.net/
--
-- Gép: 127.0.0.1
-- Létrehozás ideje: 2021. Ápr 04. 11:44
-- Kiszolgáló verziója: 10.4.18-MariaDB
-- PHP verzió: 7.3.27

SET SQL_MODE = "NO_AUTO_VALUE_ON_ZERO";
START TRANSACTION;
SET time_zone = "+00:00";


/*!40101 SET @OLD_CHARACTER_SET_CLIENT=@@CHARACTER_SET_CLIENT */;
/*!40101 SET @OLD_CHARACTER_SET_RESULTS=@@CHARACTER_SET_RESULTS */;
/*!40101 SET @OLD_COLLATION_CONNECTION=@@COLLATION_CONNECTION */;
/*!40101 SET NAMES utf8mb4 */;

--
-- Adatbázis: `chat4`
--
CREATE DATABASE IF NOT EXISTS `chat4` DEFAULT CHARACTER SET utf8mb4 COLLATE utf8mb4_general_ci;
USE `chat4`;

-- --------------------------------------------------------

--
-- Tábla szerkezet ehhez a táblához `about`
--

CREATE TABLE `about` (
  `ID` int(11) NOT NULL,
  `header` varchar(255) DEFAULT NULL,
  `description` mediumtext DEFAULT NULL
) ENGINE=InnoDB DEFAULT CHARSET=utf8mb4;

--
-- A tábla adatainak kiíratása `about`
--

INSERT INTO `about` (`ID`, `header`, `description`) VALUES
(1, 'Verzió', '1.0.0'),
(2, 'Copyright', '© 2021 Szántó Benjámin');

-- --------------------------------------------------------

--
-- Tábla szerkezet ehhez a táblához `app`
--

CREATE TABLE `app` (
  `ID` int(11) NOT NULL,
  `privacy_policy_ID` int(11) DEFAULT NULL,
  `terms_ID` int(11) DEFAULT NULL,
  `help_ID` int(11) DEFAULT NULL,
  `about_ID` int(11) DEFAULT NULL
) ENGINE=InnoDB DEFAULT CHARSET=utf8mb4;

-- --------------------------------------------------------

--
-- Tábla szerkezet ehhez a táblához `encrypts`
--

CREATE TABLE `encrypts` (
  `ID` int(11) NOT NULL,
  `description` varchar(20) DEFAULT NULL
) ENGINE=InnoDB DEFAULT CHARSET=utf8mb4;

--
-- A tábla adatainak kiíratása `encrypts`
--

INSERT INTO `encrypts` (`ID`, `description`) VALUES
(1, 'titkosított'),
(2, 'titkosítatlan');

-- --------------------------------------------------------

--
-- Tábla szerkezet ehhez a táblához `help`
--

CREATE TABLE `help` (
  `ID` int(11) NOT NULL,
  `help_group_ID` int(11) DEFAULT NULL,
  `header` varchar(255) DEFAULT NULL,
  `description` mediumtext DEFAULT NULL
) ENGINE=InnoDB DEFAULT CHARSET=utf8mb4;

--
-- A tábla adatainak kiíratása `help`
--

INSERT INTO `help` (`ID`, `help_group_ID`, `header`, `description`) VALUES
(5, 3, 'Csevegés indítása', '1.) Legegyszerűbben a baloldali navigációs sávon található „Ház” ikonra kattintva teheti ezt meg, ahol a megjelenő felhasználókra való kattintás után tud beszélgetést kezdeményezi az adott felhasználó irányába.'),
(6, 3, NULL, '2.) Ha nincs megkezdett beszélgetése kattintson a baloldali navigációs sávon található „Üzenetek” ikonra, ahol a „Csevegés megkezdése” gombra kattintva, a program a főoldalra navigálja, ahol a megjelenő felhasználókra való kattintás után tud beszélgetést kezdeményezi az adott felhasználó irányába.'),
(7, 3, NULL, '3.) Ha van megkezdett beszélgetése kattintson a baloldali navigációs sávon található „Üzenetek” ikonra, ahol a lent található zöld plusz gombra kattintva, a program a főoldalra navigálja, ahol a megjelenő felhasználókra való kattintás után tud beszélgetést kezdeményezi az adott felhasználó irányába.'),
(8, 3, 'Csevegés törlése', 'A baloldali navigációs sávon található „Üzenetek” ikonra kattintva betöltődnek a meglévő üzenetei, itt kattintással válassza ki a megkezdett beszélgetései közül azt amelyiket törölni szeretné, majd a jobbfelső sávon található ⁞-ra kattintva találja az üzenet törése lehetőséget. '),
(9, 3, '', 'A törölt beszélgetések mindkét félnél törlésre kerülnek.'),
(12, 1, 'A támogatott operációs rendszerekről', 'A program futtatásához .Net Core 3.1 vagy újabb keretrendszer szükséges. A keretrendszert telepítve az alábbi operációs rendszerek a támogatottak: Windows, macOS és Linux. Támogatott Linux disztribúciókról az alábbi oldalon olvashat többet: https://docs.microsoft.com/en-us/dotnet/core/install/linux'),
(13, 1, 'Program letöltése', 'A program telepítőjét az http://www.chatapp.hu/download.html oldalon tudja letölteni.'),
(14, 1, 'Program telepítése', ''),
(15, 1, 'Program törlése', 'Windows esetében,\r\nVezérlőpult → Program eltávolítása → „CHAT APP” -ra duplán kattintva feljön az Uninstall Setup, tovább-továbbra kattintva törlődik a számítógépről a program.'),
(16, 1, '', 'Linux esetében,\r\nTörölni a „apt-get remove CHAT APP” futtatásával lehet, de az „apt-get purge CHAT APP” paranccsal az adott program összes konfigurációs fájlja is törlésre kerül.'),
(17, 1, '', 'macOS esetében,\r\nA Finder-ablak oldalsávján az alkalmazások elemre kattintva megjelennek a telepített alkalmazások, itt válassza ki a „CHAT APP” -ot majd húzza a Kukába, vagy Fájl → Áthelyezés a kukába. Ha a rendszer a felhasználónevet és a jelszót kéri, adja meg a Mac egyik rendszergazdai fiókjához használt nevet és jelszót. Ez valószínűleg az a név és jelszó, amelyet a Macbe történő bejelentkezéshez használ. Az alkalmazás törléséhez válassza ki a Finder → Kuka ürítése elemet.'),
(18, 2, 'Regisztráció', 'Alkalmazás indításakor válasza a „Még nincs fiókod? Kattints ide” lehetőséget, hogy a program a regisztrációs felületre navigálja. A két lépcsős regisztráció első felében megkell adnia a belépéshez szükséges adatait, a második felében pedig személyi profiljához szükséges adatait.'),
(19, 2, 'Belépés', 'Alkalmazás indításakor töltse ki a bejelentkezési űrlapot, ahol meg kell adnia vagy az E-mail címét és jelszavát, vagy felhasználónevét és jelszavát. Ha az emlékezz rám lehetőség be van pipálva addig amíg ki nem jelentkezi abból, a program indításkor automatikusan bejelentkezteti.'),
(20, 2, 'Kijelentkezés', 'A baloldali navigációs sávon található legalsó ikonra kattintva teheti ezt meg.'),
(21, 2, 'E-mail módosítása', 'A baloldali navigációs sávon található „Fogaskerék” ikonra kattintva, a program átnavigálja a beállításokra, ahol a „Fiók beállítása” → „E-mail” menüpontot választva lesz lehetősége ezt a megtenni.'),
(22, 2, 'Felhasználónév módosítása', 'Felhasználónév módosítására nincsen lehetőség.'),
(23, 2, 'Jelszó módosítása', 'A baloldali navigációs sávon található „Fogaskerék” ikonra kattintva, a program átnavigálja a beállításokra, ahol a „Fiók beállítása” → „Jelszó” menüpontot választva lesz lehetősége ezt a megtenni.'),
(24, 2, 'Profilkép módosítása', 'A baloldali navigációs sávon található „Fogaskerék” ikonra kattintva, a program átnavigálja a beállításokra, ahol a „Profil szerkesztése” menüpontot választva lesz lehetősége ezt a megtenni.'),
(25, 2, 'Fiók törlése', 'A baloldali navigációs sávon található „Fogaskerék” ikonra kattintva, a program átnavigálja a beállításokra, ahol a „Fiók beállítása” → „Fiók törlése” menüpontot választva lesz lehetősége ezt a megtenni.'),
(31, 3, 'Üzenetek titkosításának bekapcsolása', 'A baloldali navigációs sávon található „Fogaskerék” ikonra kattintva, a program átnavigálja a beállításokra, ahol a „Profil szerkesztése” menüpontot választva lesz lehetősége ezt a szolgálatást bekapcsolnia, illetve kikapcsolnia.'),
(32, 4, 'Elküldött üzeneteket vissza lehet vonni?', 'Elküldött üzenetek visszavonására nincs lehetőség, csak teljes beszélgetések törlésére, melyet fentebb olvashat.'),
(33, 4, 'Hogyan tudok gyorsan megtalálni a beszélgetésekeim között egy régebbi megkezdett beszélgetésemet?', 'Az üzenetek felülete tartalmaz egy keresőt felül, amely megkönnyíti megtalálni a megkezdett csevegéseket. Keresni a felhasználó neve alapján lehet.'),
(34, 4, 'Ha az üzenetek titkosítása szolgálatás be van kapcsolva, akkor a beszélgetéseim teljesen titkosítva lesznek?', 'Ahhoz, hogy a jelenlegi vagy az ezt követő csevegések teljesen titkosítva legyen, a beszélgetésben részvevő mindkét félnek használnia kell a CHAT APP ezen szolgálatását, ellenkező esetben csak az Ön üzenetei lesznek titkosítva küldve, tárolva, és fogadva.'),
(35, 4, 'Honnan szerezhetem be a .Net Core keretrendszer szükséges verzióját?', 'Ezt az alábbi oldalon teheti meg: https://dotnet.microsoft.com/download/dotnet-core'),
(36, 4, 'Ismerősömre rá szeretnék írni, hogyan tudok rákeresni?', 'A baloldali navigációs sávon található „Ház” ikonra kattintva teheti ezt meg, ahol a keresőt használva egyszerűen megtalálható a név alapján a keresendő felhasználó, majd kattintson rá, hogy beszélgetést tudjon kezdeményezi az adott fél irányába.'),
(37, 4, 'A kezdőlapon a felhasználók között keresve miért nem látom, hogy ki mikor volt online?', 'Csak az üzenetek felületen lehet látni a felhasználók online státuszát.'),
(38, 4, 'Az „üzenetek” ikonnál a piros számláló micsoda?', 'A megválaszolatlan üzenetek számát jelöli.'),
(39, 4, 'Hol tudom megtekinteni a program aktuális verzióját?', 'A baloldali navigációs sávon található „Fogaskerék” ikonra kattintva, a program átnavigálja a beállításokra, ahol a „Névjegy” menüpontot választva lesz lehetősége ezt megtekinteni.');

-- --------------------------------------------------------

--
-- Tábla szerkezet ehhez a táblához `help_group`
--

CREATE TABLE `help_group` (
  `ID` int(11) NOT NULL,
  `name` varchar(255) DEFAULT NULL
) ENGINE=InnoDB DEFAULT CHARSET=utf8mb4;

--
-- A tábla adatainak kiíratása `help_group`
--

INSERT INTO `help_group` (`ID`, `name`) VALUES
(1, 'Program telepítése és törlése'),
(2, 'Fiókkal és Profillal kapcsolatos információk '),
(3, 'Csevegéssel kapcsolatos információk'),
(4, 'Gyakran feltett kérdések');

-- --------------------------------------------------------

--
-- Tábla szerkezet ehhez a táblához `messages`
--

CREATE TABLE `messages` (
  `ID` int(11) NOT NULL,
  `sender_ID` int(11) DEFAULT NULL,
  `receiver_ID` int(11) DEFAULT NULL
) ENGINE=InnoDB DEFAULT CHARSET=utf8mb4;

--
-- A tábla adatainak kiíratása `messages`
--

INSERT INTO `messages` (`ID`, `sender_ID`, `receiver_ID`) VALUES
(117, 9, 27),
(118, 9, 9),
(119, 9, 5),
(120, 9, 4),
(121, 9, 3),
(122, 3, 27),
(123, 3, 4),
(125, 4, 27),
(126, 4, 5),
(127, 27, 5),
(128, 3, 37);

-- --------------------------------------------------------

--
-- Tábla szerkezet ehhez a táblához `messages_content`
--

CREATE TABLE `messages_content` (
  `ID` int(11) NOT NULL,
  `messages_ID` int(11) DEFAULT NULL,
  `sender_ID` int(11) DEFAULT NULL,
  `body` mediumtext DEFAULT NULL,
  `timestamp` datetime DEFAULT NULL,
  `is_encrypts_ID` int(11) DEFAULT NULL
) ENGINE=InnoDB DEFAULT CHARSET=utf8mb4;

--
-- A tábla adatainak kiíratása `messages_content`
--

INSERT INTO `messages_content` (`ID`, `messages_ID`, `sender_ID`, `body`, `timestamp`, `is_encrypts_ID`) VALUES
(372, 117, 9, 'Lorem ipsum dolor sit amet, consectetur adipiscing elit. Nulla vel imperdiet eros. Sed eget blandit ex. Nullam vel nibh rhoncus, convallis arcu ut, elementum dolor. Vivamus dapibus enim nunc, sit amet', '2021-04-03 22:06:25', 2),
(373, 118, 9, 'Lorem ipsum dolor sit amet, consectetur adipiscing elit. Nulla vel imperdiet eros. Sed eget blandit ex. Nullam vel nibh rhoncus, convallis arcu ut, elementum dolor. Vivamus dapibus enim nunc, sit amet', '2021-04-03 22:06:31', 2),
(374, 119, 9, 'Lorem ipsum dolor sit amet, consectetur adipiscing elit. Nulla vel imperdiet eros. Sed eget blandit ex. Nullam vel nibh rhoncus, convallis arcu ut, elementum dolor. Vivamus dapibus enim nunc, sit amet', '2021-04-03 22:06:36', 2),
(375, 120, 9, 'Lorem ipsum dolor sit amet, consectetur adipiscing elit. Nulla vel imperdiet eros. Sed eget blandit ex. Nullam vel nibh rhoncus, convallis arcu ut, elementum dolor. Vivamus dapibus enim nunc, sit amet', '2021-04-03 22:06:42', 2),
(376, 121, 9, 'Lorem ipsum dolor sit amet, consectetur adipiscing elit. Nulla vel imperdiet eros. Sed eget blandit ex. Nullam vel nibh rhoncus, convallis arcu ut, elementum dolor. Vivamus dapibus enim nunc, sit amet', '2021-04-03 22:06:47', 2),
(377, 122, 3, 'ㇱ\r\r㇫\n㇦ㇲㆯ㇫㇧ㇰ\0ㆦㇱㇱ\Z\nㆯ㇮\rㇰㆲㆯ㇫\0ㆾ\n㇧㇧ㆯㆯ\0㇮ㆭ㇯㇣㇌ㆫ㇚ㇰ㇫ㇲ㇧\nㆭ㇯ㆯㇰ	ㆻㆦ\rㆢㆫㇱㆯ!ㇰ㇫ㆻㆢ㇮㇫ㆯ㇦㇯ㆯ\rㇲㆴㆯ㇕ㆫㇱㆾㇰㆻㆦ	\0ㆦㆯㇲ㇯\0\nㆫ\0ㆲㆯ㇦ㇰ㇯ㆯ㇧ㆾㇲ㇯ㆰㆯ㇫ㇱ㇯ㆯㆾ㇯ㇰ\0ㆯㇲ㇮ㇲ㇧ㆮㆯ㇯ㇲ㇫ ㇯\nㆦ ㆭㆻㆢ\r㇯\rㆾㇰㆽㆢ㇔㇮	ㆦ㇪㇮ㆦ㇮ㇰ㇫ㆢ\n㇭ㆻㆦㆯ\n\n㇭㇮ㆫ㇨ㆾ㇭ㇱ㇫\n㇦ㆫㇲㆴㆯ㇇㇬ㆯ㇭㇣㇯㇮ㆯ\0ㇰㆫㇲㆦ\n\nㆫ\r㇪ㇰ㇮ㆷㆭ㇫㇫ㇲ ㇮ㆯㇲ㇥ ㆭ\0ㇱㆾ㇮㇯	㇌ㆫ㇖\n㇩ㆫ㇮㇩ㇱㆾㆯ	㇮ㆯ ㇯ㇲ㇫ㆫㇲ㇫㇌ㆫ㇝㇧㇧\r\rㆯㇰㇰㇰㆭ㇫㇩ㆭ	㇯ㆽㆢ㇠ \r\rㆢㇲㇰㆢ㇯ㆭ㇫	ㆢ ㆫ\0	㇧\n\rㆽㆦ', '2021-04-03 22:07:12', 1),
(378, 121, 3, 'ㇱ\r\r㇫\n㇦ㇲㆯ㇫㇧ㇰ\0ㆦㇱㇱ\Z\nㆯ㇮\rㇰㆲㆯ㇫\0ㆾ\n㇧㇧ㆯㆯ\0㇮ㆭ㇯㇣㇌ㆫ㇚ㇰ㇫ㇲ㇧\nㆭ㇯ㆯㇰ	ㆻㆦ\rㆢㆫㇱㆯ!ㇰ㇫ㆻㆢ㇮㇫ㆯ㇦㇯ㆯ\rㇲㆴㆯ㇕ㆫㇱㆾㇰㆻㆦ	\0ㆦㆯㇲ㇯\0\nㆫ\0ㆲㆯ㇦ㇰ㇯ㆯ㇧ㆾㇲ㇯ㆰㆯ㇫ㇱ㇯ㆯㆾ㇯ㇰ\0ㆯㇲ㇮ㇲ㇧ㆮㆯ㇯ㇲ㇫ ㇯\nㆦ ㆭㆻㆢ\r㇯\rㆾㇰㆽㆢ㇔㇮	ㆦ㇪㇮ㆦ㇮ㇰ㇫ㆢ\n㇭ㆻㆦㆯ\n\n㇭㇮ㆫ㇨ㆾ㇭ㇱ㇫\n㇦ㆫㇲㆴㆯ㇇㇬ㆯ㇭㇣㇯㇮ㆯ\0ㇰㆫㇲㆦ\n\nㆫ\r㇪ㇰ㇮ㆷㆭ㇫㇫ㇲ ㇮ㆯㇲ㇥ ㆭ\0ㇱㆾ㇮㇯	㇌ㆫ㇖\n㇩ㆫ㇮㇩ㇱㆾㆯ	㇮ㆯ ㇯ㇲ㇫ㆫㇲ㇫㇌ㆫ㇝㇧㇧\r\rㆯㇰㇰㇰㆭ㇫㇩ㆭ	㇯ㆽㆢ㇠ \r\rㆢㇲㇰㆢ㇯ㆭ㇫	ㆢ ㆫ\0	㇧\n\rㆽㆦ', '2021-04-03 22:07:54', 1),
(379, 123, 3, 'ㇱ\r\r㇫\n㇦ㇲㆯ㇫㇧ㇰ\0ㆦㇱㇱ\Z\nㆯ㇮\rㇰㆲㆯ㇫\0ㆾ\n㇧㇧ㆯㆯ\0㇮ㆭ㇯㇣㇌ㆫ㇚ㇰ㇫ㇲ㇧\nㆭ㇯ㆯㇰ	ㆻㆦ\rㆢㆫㇱㆯ!ㇰ㇫ㆻㆢ㇮㇫ㆯ㇦㇯ㆯ\rㇲㆴㆯ㇕ㆫㇱㆾㇰㆻㆦ	\0ㆦㆯㇲ㇯\0\nㆫ\0ㆲㆯ㇦ㇰ㇯ㆯ㇧ㆾㇲ㇯ㆰㆯ㇫ㇱ㇯ㆯㆾ㇯ㇰ\0ㆯㇲ㇮ㇲ㇧ㆮㆯ㇯ㇲ㇫ ㇯\nㆦ ㆭㆻㆢ\r㇯\rㆾㇰㆽㆢ㇔㇮	ㆦ㇪㇮ㆦ㇮ㇰ㇫ㆢ\n㇭ㆻㆦㆯ\n\n㇭㇮ㆫ㇨ㆾ㇭ㇱ㇫\n㇦ㆫㇲㆴㆯ㇇㇬ㆯ㇭㇣㇯㇮ㆯ\0ㇰㆫㇲㆦ\n\nㆫ\r㇪ㇰ㇮ㆷㆭ㇫㇫ㇲ ㇮ㆯㇲ㇥ ㆭ\0ㇱㆾ㇮㇯	㇌ㆫ㇖\n㇩ㆫ㇮㇩ㇱㆾㆯ	㇮ㆯ ㇯ㇲ㇫ㆫㇲ㇫㇌ㆫ㇝㇧㇧\r\rㆯㇰㇰㇰㆭ㇫㇩ㆭ	㇯ㆽㆢ㇠ \r\rㆢㇲㇰㆢ㇯ㆭ㇫	ㆢ ㆫ\0	㇧\n\rㆽㆦ', '2021-04-03 22:08:00', 1),
(381, 123, 4, '㇮\n	ㆯㇰㆫㇲㆾ㇬ㆯㇲ㇩㇬ㆭ㇧ㇲ㇫\n㇬ㆭ\0㇯ㇲㆫ㇩ㆾ\rㆯ㇧㇥㇌ㆫ㇞㇯\0ㆫㇰ㇫ㆾㇲㆮㆯ ㇯ㇲ㇫ㆫ\0ㆦ	㇫ㆯ ㆹㆯ㇮ㇲㆦ	ㆦㇲ ㆻㆯ㇙㇦ㆯ\r\0ㆯ㇯\r\rㆻㆦㇱ㇮ㇰ㇯ㆦ\n㇧ㇲㆾ㇯ㆯ㇮ㇰ㇧ㆻㆢㇲㆢㇰ㇧	ㆢㆻㆯ', '2021-04-03 22:08:37', 1),
(382, 125, 4, '㇮\n	ㆯㇰㆫㇲㆾ㇬ㆯㇲ㇩㇬ㆭ㇧ㇲ㇫\n㇬ㆭ\0㇯ㇲㆫ㇩ㆾ\rㆯ㇧㇥㇌ㆫ㇞㇯\0ㆫㇰ㇫ㆾㇲㆮㆯ ㇯ㇲ㇫ㆫ\0ㆦ	㇫ㆯ ㆹㆯ㇮ㇲㆦ	ㆦㇲ ㆻㆯ㇙㇦ㆯ\r\0ㆯ㇯\r\rㆻㆦㇱ㇮ㇰ㇯ㆦ\n㇧ㇲㆾ㇯ㆯ㇮ㇰ㇧ㆻㆢㇲㆢㇰ㇧	ㆢㆻㆯ', '2021-04-03 22:08:46', 1),
(383, 126, 4, '㇮\n	ㆯㇰㆫㇲㆾ㇬ㆯㇲ㇩㇬ㆭ㇧ㇲ㇫\n㇬ㆭ\0㇯ㇲㆫ㇩ㆾ\rㆯ㇧㇥㇌ㆫ㇞㇯\0ㆫㇰ㇫ㆾㇲㆮㆯ ㇯ㇲ㇫ㆫ\0ㆦ	㇫ㆯ ㆹㆯ㇮ㇲㆦ	ㆦㇲ ㆻㆯ㇙㇦ㆯ\r\0ㆯ㇯\r\rㆻㆦㇱ㇮ㇰ㇯ㆦ\n㇧ㇲㆾ㇯ㆯ㇮ㇰ㇧ㆻㆢㇲㆢㇰ㇧	ㆢㆻㆯ', '2021-04-03 22:08:54', 1),
(384, 126, 5, 'Sed dui nulla, laoreet et molestie sit amet, semper vitae diam. Morbi lacus leo, auctor eu auctor aliquam, sodales venenatis mi. Maecenas a risus sapien. Curabitur sem felis, ullamcorper ac felis nec, pretium posuere ligula. Etiam eu nunc sed libero elementum vehicula at id enim. Aenean et pellentesque ipsum. Lorem ipsum dolor sit amet, consectetur adipiscing elit. Suspendisse viverra ligula vitae sapien semper, eu elementum risus imperdiet.', '2021-04-03 22:09:29', 2),
(385, 126, 5, 'Sed dui nulla, laoreet et molestie sit amet, semper vitae diam. Morbi lacus leo, auctor eu auctor aliquam, sodales venenatis mi. Maecenas a risus sapien. Curabitur sem felis, ullamcorper ac felis nec, pretium posuere ligula. Etiam eu nunc sed libero elementum vehicula at id enim. Aenean et pellentesque ipsum. Lorem ipsum dolor sit amet, consectetur adipiscing elit. Suspendisse viverra ligula vitae sapien semper, eu elementum risus imperdiet.', '2021-04-03 22:09:35', 2),
(386, 119, 5, 'Sed dui nulla, laoreet et molestie sit amet, semper vitae diam. Morbi lacus leo, auctor eu auctor aliquam, sodales venenatis mi. Maecenas a risus sapien. Curabitur sem felis, ullamcorper ac felis nec, pretium posuere ligula. Etiam eu nunc sed libero elementum vehicula at id enim. Aenean et pellentesque ipsum. Lorem ipsum dolor sit amet, consectetur adipiscing elit. Suspendisse viverra ligula vitae sapien semper, eu elementum risus imperdiet.', '2021-04-03 22:09:40', 2),
(387, 119, 5, 'Sed dui nulla, laoreet et molestie sit amet, semper vitae diam. Morbi lacus leo, auctor eu auctor aliquam, sodales venenatis mi. Maecenas a risus sapien. Curabitur sem felis, ullamcorper ac felis nec, pretium posuere ligula. Etiam eu nunc sed libero elementum vehicula at id enim. Aenean et pellentesque ipsum. Lorem ipsum dolor sit amet, consectetur adipiscing elit. Suspendisse viverra ligula vitae sapien semper, eu elementum risus imperdiet.', '2021-04-03 22:09:42', 2),
(388, 123, 4, '㇟\rㇰ㇯ㆯㇲㇲㆦㇱ ㇰㆦ\rㇰㆹㆭ㇢ㇲ㇯ㆢㇱㇲ㇯ㆾㇰ㇣ㆾ㇮ㇰㆢㆫ\0ㇰ㇩㇮\rㆽㆦ㇘ㇰㆯ㇬ㇰㆯ㇮ㇰ㇤㇬\r㇫ㆯㇲㇲㇰㆦ\0㇫ㇲ\rㆽㆢ㇟\nㆦㇱ \nㇰㆻㆢ	\rㆯㆫㇰ㇧ㇲㇰㆯ㇥ㇲㆲㆯ㇣\rㇲㆯ㇯ㆯ\0	ㆾ	㇫	ㆮㆯ㇯ㆭ\0㇣ㆭ\0㇯ㇰ㇯ㆯㆯ㇫ㆢ\rㆽㆦ㇘ㇰㆯ㇬㇯ㆮㆯㆦ㇩ㆫ\0	㇧\n\rㆯ㇩ ㆹㆯㇲ㇥ ㆭ\n㇯㇮ㆯㆫ㇫㇊ㆫ\0ㆦ㇪ㇰㇰ㇧ㆯ㇮ㇰ\r\rㆯ\0ㇰㆫ㇮ㆯ㇌ㆫ㇎㇯\rㇰㆫ\n\0 ㆭㇰㆦ\n㇫ㆫㇲㆦㇰ!ㇱㇰㆴㆯ㇘!㇬ㆯㆫㇱㆻㆾ㇮㇯	ㆾ㇬ㆭㆢ ㆷㆭ㇮ㇰㇲ ㆭ㇥ㆯ㇫ㆰㆯ㇟ㇰ㇧\nㆢ㇮㇫ㆯㆦ㇧\0ㆾㇲ\rㆢ\r㇯\rㆾㇲㇲㇰ㇫', '2021-04-03 22:11:27', 1),
(389, 120, 4, '㇟\rㇰ㇯ㆯㇲㇲㆦㇱ ㇰㆦ\rㇰㆹㆭ㇢ㇲ㇯ㆢㇱㇲ㇯ㆾㇰ㇣ㆾ㇮ㇰㆢㆫ\0ㇰ㇩㇮\rㆽㆦ㇘ㇰㆯ㇬ㇰㆯ㇮ㇰ㇤㇬\r㇫ㆯㇲㇲㇰㆦ\0㇫ㇲ\rㆽㆢ㇟\nㆦㇱ \nㇰㆻㆢ	\rㆯㆫㇰ㇧ㇲㇰㆯ㇥ㇲㆲㆯ㇣\rㇲㆯ㇯ㆯ\0	ㆾ	㇫	ㆮㆯ㇯ㆭ\0㇣ㆭ\0㇯ㇰ㇯ㆯㆯ㇫ㆢ\rㆽㆦ㇘ㇰㆯ㇬㇯ㆮㆯㆦ㇩ㆫ\0	㇧\n\rㆯ㇩ ㆹㆯㇲ㇥ ㆭ\n㇯㇮ㆯㆫ㇫㇊ㆫ\0ㆦ㇪ㇰㇰ㇧ㆯ㇮ㇰ\r\rㆯ\0ㇰㆫ㇮ㆯ㇌ㆫ㇎㇯\rㇰㆫ\n\0 ㆭㇰㆦ\n㇫ㆫㇲㆦㇰ!ㇱㇰㆴㆯ㇘!㇬ㆯㆫㇱㆻㆾ㇮㇯	ㆾ㇬ㆭㆢ ㆷㆭ㇮ㇰㇲ ㆭ㇥ㆯ㇫ㆰㆯ㇟ㇰ㇧\nㆢ㇮㇫ㆯㆦ㇧\0ㆾㇲ\rㆢ\r㇯\rㆾㇲㇲㇰ㇫', '2021-04-03 22:11:32', 1),
(390, 125, 4, '㇟\rㇰ㇯ㆯㇲㇲㆦㇱ ㇰㆦ\rㇰㆹㆭ㇢ㇲ㇯ㆢㇱㇲ㇯ㆾㇰ㇣ㆾ㇮ㇰㆢㆫ\0ㇰ㇩㇮\rㆽㆦ㇘ㇰㆯ㇬ㇰㆯ㇮ㇰ㇤㇬\r㇫ㆯㇲㇲㇰㆦ\0㇫ㇲ\rㆽㆢ㇟\nㆦㇱ \nㇰㆻㆢ	\rㆯㆫㇰ㇧ㇲㇰㆯ㇥ㇲㆲㆯ㇣\rㇲㆯ㇯ㆯ\0	ㆾ	㇫	ㆮㆯ㇯ㆭ\0㇣ㆭ\0㇯ㇰ㇯ㆯㆯ㇫ㆢ\rㆽㆦ㇘ㇰㆯ㇬㇯ㆮㆯㆦ㇩ㆫ\0	㇧\n\rㆯ㇩ ㆹㆯㇲ㇥ ㆭ\n㇯㇮ㆯㆫ㇫㇊ㆫ\0ㆦ㇪ㇰㇰ㇧ㆯ㇮ㇰ\r\rㆯ\0ㇰㆫ㇮ㆯ㇌ㆫ㇎㇯\rㇰㆫ\n\0 ㆭㇰㆦ\n㇫ㆫㇲㆦㇰ!ㇱㇰㆴㆯ㇘!㇬ㆯㆫㇱㆻㆾ㇮㇯	ㆾ㇬ㆭㆢ ㆷㆭ㇮ㇰㇲ ㆭ㇥ㆯ㇫ㆰㆯ㇟ㇰ㇧\nㆢ㇮㇫ㆯㆦ㇧\0ㆾㇲ\rㆢ\r㇯\rㆾㇲㇲㇰ㇫', '2021-04-03 22:11:39', 1),
(391, 119, 9, 'ulla vel imperdiet eros. Sed eget blandit ex. Nullam vel nibh rhoncus, convallis arcu ut, elementum dolor. Vivamus dapibus enim nunc, sit amet tristique tellus blandit et. Donec pellentesque elit pellentesque leo bibendum tincidunt. Cras tristique urna eu elit vehicula, in feugiat mauris laoreet. Aenean sapien lorem, interdum quis turpis et, finibus porttitor libero. Maecenas in volutpat turpis. Vivamus quis lobortis lorem. ', '2021-04-03 22:12:57', 2),
(392, 127, 27, 'Aliquam eget posuere quam. Suspendisse efficitur egestas massa id facilisis. In hac habitasse platea dictumst. Proin volutpat, mauris sed consectetur congue, augue sem interdum lorem, id sodales diam est eu eros. In mattis, elit eget fermentum cursus, lectus nisl porttitor turpis, id pharetra lacus massa a nisl. Aliquam interdum a nisi eu gravida. Vivamus sem justo, maximus a est eu, rhoncus suscipit ex. Aenean ornare turpis sed neque tristique pellentesque', '2021-04-03 22:17:09', 2),
(393, 128, 3, 'ㇲㇱ', '2021-04-04 10:01:23', 1);

-- --------------------------------------------------------

--
-- Tábla szerkezet ehhez a táblához `privacy_policy`
--

CREATE TABLE `privacy_policy` (
  `ID` int(11) NOT NULL,
  `header` varchar(255) DEFAULT NULL,
  `description` mediumtext DEFAULT NULL
) ENGINE=InnoDB DEFAULT CHARSET=utf8mb4;

--
-- A tábla adatainak kiíratása `privacy_policy`
--

INSERT INTO `privacy_policy` (`ID`, `header`, `description`) VALUES
(1, 'Adatvédelem', 'Fontos számunkra, hogy jól érezze magát és megbízhasson bennünk amikor a CHAT APP-ot, mint szolgáltatást használja. Kérjük, szánjon néhány percet az adatvédelmi irányelvek elolvasására, hogy megértse, milyen információkat gyűjtünk, mit csinálunk velük és miért, miként védjük és milyen jogai vannak az információkkal kapcsolatban.'),
(2, 'Információ gyűjtés', 'Csak és kizárólag olyan információkat gyűjtünk, amelyek lehetővé teszik számunkra, hogy az alapvető szolgáltatásokat biztosítani tudjuk számára. Ide tartozik például olyan egyszerűbb feladat, mint például annak lehetővé tétele, hogy más felhasználók láthassák a megjeleníteni kívánt nevet és képet. '),
(3, NULL, 'A CHAT APP üzenetek titkosítása funkció végpontok közötti biztonságos kommunikációcserét tesz lehetővé, amely a beállításokon belül opcionálisan választható lehetőség. '),
(4, 'Üzenetek titkosítása', 'Polialfabetikus-rejtjelezést használunk az üzenetek titkosításához. A CHAT APP egy tovább gondolt Vigenère-rejtjel titkosítási módszert használ, mely az eredeti 26 sorból és 26 oszlopból álló táblázat helyett a Unicode-tábla karaktereit használja a rejtjelezéshez. Ezzel képezve egy 137 994 x 137 994 -es mátrixot, amely lehetővé teszi a felhasználóinknak a magasabb fokú személyes adatbiztonságot.'),
(5, 'Adatmegőrzés', 'Adatait csupán addig őrizzük, amíg az szükséges, és a felhasználó nem dönt úgy, hogy törölni szeretné a beszélgetéseit vagy komplett személyi fiókját. Fiók törlésekor személyes adatai, beszélgetései továbbá bárminemű Ön által generált egyéb adatok az utolsó bájtig törlődnek szervereinkről. Ezzel biztosítja a CHAT APP, felhasználói számára a privát egyén megőrzésését.'),
(6, 'Titoktartás', 'Adatait a tőlünk telhető legnagyobb biztonságban tároljuk, melyeket 99,7%-ban nem osztunk meg harmadik felekkel.'),
(7, 'A SZABÁLYZAT MÓDOSÍTÁSA', 'Jelen Szabályzatot meghatározott időközönként felülvizsgáljuk és módosítjuk annak aktualitása érdekében. '),
(8, '', 'Javasoljuk, hogy időről-időre nézze át jelen Szabályzatot annak érdekében, hogy személyes adatainak kezelésével kapcsolatos minden tény és információ tekintetében naprakész legyen.'),
(9, 'Lépjen velünk kapcsolatba', 'Ha továbbra is kérdése van adatvédelmi irányelveinkkel kapcsolatban, kérjük, küldjön nekünk egy E-mailt a privacy@chatapp.hu címre.');

-- --------------------------------------------------------

--
-- Tábla szerkezet ehhez a táblához `profile`
--

CREATE TABLE `profile` (
  `ID` int(11) NOT NULL,
  `user_ID` int(11) DEFAULT NULL,
  `first_name` varchar(40) DEFAULT NULL,
  `last_name` varchar(40) DEFAULT NULL,
  `picture` mediumblob DEFAULT NULL,
  `picture_size` int(11) DEFAULT NULL,
  `last_seen` datetime DEFAULT NULL,
  `is_encrypts_messages_ID` int(11) DEFAULT NULL
) ENGINE=InnoDB DEFAULT CHARSET=utf8mb4;

--
-- A tábla adatainak kiíratása `profile`
--

INSERT INTO `profile` (`ID`, `user_ID`, `first_name`, `last_name`, `picture`, `picture_size`, `last_seen`, `is_encrypts_messages_ID`) VALUES
(3, 4, 'Varga', 'Kata', 0xffd8ffe000104a46494600010101007800780000ffdb00430001010101010101010101010101010101010101010101010101010101010101010101010101010101010101010101010101010101010101010101010101010101ffdb00430101010101010101010101010101010101010101010101010101010101010101010101010101010101010101010101010101010101010101010101010101010101ffc00011080064006403012200021101031101ffc4001f0000010501010101010100000000000000000102030405060708090a0bffc400b5100002010303020403050504040000017d01020300041105122131410613516107227114328191a1082342b1c11552d1f02433627282090a161718191a25262728292a3435363738393a434445464748494a535455565758595a636465666768696a737475767778797a838485868788898a92939495969798999aa2a3a4a5a6a7a8a9aab2b3b4b5b6b7b8b9bac2c3c4c5c6c7c8c9cad2d3d4d5d6d7d8d9dae1e2e3e4e5e6e7e8e9eaf1f2f3f4f5f6f7f8f9faffc4001f0100030101010101010101010000000000000102030405060708090a0bffc400b51100020102040403040705040400010277000102031104052131061241510761711322328108144291a1b1c109233352f0156272d10a162434e125f11718191a262728292a35363738393a434445464748494a535455565758595a636465666768696a737475767778797a82838485868788898a92939495969798999aa2a3a4a5a6a7a8a9aab2b3b4b5b6b7b8b9bac2c3c4c5c6c7c8c9cad2d3d4d5d6d7d8d9dae2e3e4e5e6e7e8e9eaf2f3f4f5f6f7f8f9faffda000c03010002110311003f00fef1fed771ea3ff013ff00af563ed771ea3ff013ff00af50514013fdaee3d47fe027ff005eac79d71edff80bff00d7a828a009fceb8f6ffc05ff00ebd676b1afd8787f4bbfd6b5bbed3b4ed1f4cb3379ab6adab674fd36c34bc124966cf03d58f5c0ea40393e2af12e95e0ff000e6b1e2ad72e3ecda3e81a46a9ad5eddff00d4331df9eb8e71f4aff2bdfdbb7fe0aa9fb617edcffb42fc67f09e9ff1a7e326a3f057c63e2ff1458f80fe03787db5ad3fc1163e17d0b5a3ff00082e8daf782741cb788bc484e4b3392ccc4b312726b9b1589faa5af6d7457d3fcadfa1d585c2cb18ed1bbd7a6adfa77ff86d3b7fa194ff00f0598ff825c59dd5bd95c7edc7f01d2e2e6eb52b2020d703e753d0c13aeafcba148bba3e8ec4904f28581e3ecef83dfb45fc11fda0fc23a3f8e3e08fc54f04fc48f086bd662f748d5fc25ac68fa9adfe9b800ed19242824f2403ddbdff00c6075eb3f18f82754b7d2bc63e00f1b69ba87d8fedbf64f1659ffc237a9fb7f61fe3cff939fb03f63afdbbfe3f7ec8bf1074ff008d1fb3dfc53d4bc15e27b6b3fec5bcd2757ff89978635ef0bff6d7fc8175cd0ce7fe8095c91c5e25daca0d69b7cbfafe91ecbcaf0d18aba926d69ceac9bffc055fa2d3b2ebbffb13f9d71edff80bff00d7aafe75c7b7fe02ff00f5ebf133fe08f3ff00057cf04ffc14b3e13ea365e2bb5f0afc39fda43c0f26df1dfc35d2f5bd46f74dd674c964089e31f02b788557c48fa06e711f8b6378a46f07cc6349a4f9cc83f6d2bd4c3623eb5b2b74dbd2fa6de56f4e878989c3fd56fbad7ee5d35ff82edaa7a89f6bb8f51ff809ff00d7a3ed771ea3ff00013ffaf505141ce27daee3d47fe027ff005e8a828a00b1451562800a28ac3f12f88ac3c2be16d7bc57aa19ff00b3bc31e1ed4bc47abfd9edbedda9369ba169075b755e18b48a158aa95c3300a19412ea3d98d6ebd51f8bff00f05b9fdb17e18fc08fd943e307c1ff001578935df0e7883e2cfc2ed5f46b3d5f4ad2359d47fb0b54f1d17f0ff8101d6936ae829e2bf10e89ad84dc1b2be1ff0012336641babf933ff8233f857e047c37d2fc61fb467c54f1c7c38f097883c65e3cff00857de1bbbf16789346d37fe405ff0021dfec3ffc1e57e7dffc16f3f698f8b7fb48fed41e2df1778ff4af1ef8020d4aefc2fe27f875e14f14f8eb47f110b3f865af68dfdbfe08703c02f2786fc3dbfc3faee8aedbe491b2c599ddb2e7f46bfe096de1cf82df14ff0064bf0c78835587c47aa5f7c3af1747aff88758f03695aa3f89ac7e2fe91a0f87b46d6745d7cf86259bc49aee843c32fa1789fc1fe22323783eda6d7a4b79824d1c88bf9d715e21ff0064c9e279ac9daeafa296d76af65a753f5fe02cb7fe1522b0f673714da7b735a37b277eba753fa3afda13e0ff00ec31e2af8683c55fb4658fc13b6f0febda3fd8747f1c7886f346ff004ffedd1ff122fec3d73fe660ff003d3bff009b47c61f8647f67cf8bfe2ff0003dc6aba678dbc3fa5789354b1d1bc6fe12d586a3e1ad7f4ac96d0b5bd1768cb1ff8474ffc8aed93d1738000fee3fe12fecebfda5e08f07f8abc47e2af8fde3ff07daeb1e3cfec7f839a4f8c3fb4bc4ffb2d697fdb5ff122d6b43d0fc3ff00f088f89ffe45cfedcf0bf8dffe2b0f188ff89fff00c505eff8afff0007137837c1fe1bf0efec453f856ceea0d1f42f0878f3c33657579ac2f88f53d734a1ac2eb9fdb3ad1c038ceb67c35e092493ff0012161b82802be6b82f33c361f17f51e697bdaeb777d9a5d6fa7cbb743ebb8d72cc5e232afae62a2a3fd8af74a296d757bdb4d2cec9b6dec95dafc96fd903e35f8c3f671fda03e147c7df0bcda8e9faf7813c47e18f1369034af11ff670d474a3acff006eebda21d6cf51e2dce0e7a8273d6bfd73ff0065afda1bc1ff00b557ecf5f073f68ef01c5a8d87847e33780b4cf18e8fa66b1001ab688dad61b57d135a40a80cbe18d7124f0ec9e5222ab44f8531fccbfe2e5f0fb52bd9b4bb7b182fae6e6ff41d605ed9da5a5e01a67f65f7c7fc241ee3f2aff448ff00835f7f6c4d5fe27fc22f899fb3af8dbc4be1d1ab780b5a5f12f81bc0d677c1351d0b4b3a47871b5b6d13455224ff00847bc52dac8f13ec57f2fc23e317f15c52c7207529fa7e1f11f55c5a8bb5a5d3a3fd3afdefcb5fc7b31c2bc5e54b1a95eda3b27a2badfcd6ebcaeba9fd63d57ab155ebdb3e48af4558a2802c5145140057c55fb777c47f11fc3cf819addff83be23ffc2b9d6efbc43e14d0af35fd28688fe25d3fc39aeeb69a3eb6744ff8484af87a199030797c492a3a783d0eb53c6eaf1b0afb56bf057fe0b07f1cbf673f871e1f1a1fc7ed6ed74db0d7b47d53ec977ab5d9ff008466fdb41d1b5f1a268c344d03c449e28f10f887c29e24d7091e17da03ff00c240180c1af3731c4bc2e12dbb6f7dfd3faf9dae7a59761feb58c57b24b5b3db469bfc3fa7a9fe7a3fb5cda785752ff85813f8374bf1b788f4fb5f1269779e1cf1c7c42d1c8f1cdf785b43d13fb035ed18eb83fe2991e1cf0a788b44d0ff00e109c6723823b57b17fc11f3f6aa87f678f8a5e3df83df14fc2b3f883e02fed0de1cfecef186a768d333782aff0046d1e6d1878e0ff60ab788a3780eb8239363c5e31f0824903241e72dccb27c9bfb457ed517de2ad7b57b1f075f5b689e1ebaf07ea9e0bd60d9ddeb3a6ffc259a59d6bfb7bfe279ff00731ff627f91c7f491ff06d9ffc137e7f8b3f0e7f680fda17e2378533f0bfe2d786c7c24f827e2cf105983f6ff1478175afeddd77c6bc91c0f126867c31d727b64e057ce62727c6667c3d9ae19c549b8b7152e65ab578b5677bc5a4d59d9db9649c6e9fdfe173ac1e53c419562b9b952b26e37d17baa574aeadafcb747eebf85b4dfd9cbc29fb3c8d57c73f137e17db7c17b6d1fed977e2dfb668fa76a5af785f04ff00c4f7c71ff0919f136bdc03f378531e34cf19e403fc37ff00c1597f6cff0003fede3fb4936b1f0e2c26d1be017c18f0c49e00f02cf3e74e7f13a077d635df194da271b5e5f110d1d8c633fb968dd8e250abfd8445ff0004689fe32f877c41e1af146a9adfc1ef823e0dbcf13ffc24a2cecc7f6a6b9a9e8648fec7f046718f0ee738f14f53b48507071fe7a1e36b38352f1478e27d0e0b9b6d3ffe124d52cbc37a4da0fed2fc7ad7c9f05e4b8ca4ff00b5b36caf9251d232bda51b7bb75d6f65a6f6d5dbb7da71df11e131984594e0b34feda4dc5c92565ef2574deaaf17ab7bdd59db670fc39b1d5aff005bf085de89f69d4a0d498e876805a03a9675b247f62865255b9ce1949041ca920e6bfb86ff008215fc37f18f83ff0068cf82fae4fa55b5ce8faf68fe3dd6b47b5d27fe427e12fec2d14e83aeeb5adffd4bbe2ce7c2ff0087862bf8bff0ae83e749e17d2ac60b6d37503fd97f6cfecabccea7fda9e99ff997fd6bfd13ff00e0dd8f120f88ff00b3c6bfa278abc11a2db7883e1778bcd97fc2403c37ff0008e6a763aa6858d0bfb17fb6c02491838c75c9e09c57d5e21fd6737caeda2567d7a24f5f969e76fbbe26df55e1cccfddbe8aebcf4575af4bbd357d11fd34c3379b15bcff00f3f58ebdbf2ff3d39ab14515f6c7e6057a28a2802c5145140019e082133cf35bdbc16b937975767fce3f4e7a57f9307fc16ebfe0a1d7dfb77fedcff197e21f872f7c8f833e0127e12fc21d34eb07fb3dfc2fe06d675d1ff099bf2231ff000b5bc48a7c520a22b7fc218fe1a0c594204ff4c0ff0082947ed0ba2fecbbfb097ed4df19754d6b4fd0afbc33f04fc796de0e9353bc4d3bedfe3dd6bc1dafe87e09d0b470eb8d7bc40fe2329b7c3085e47dce408bcb0edfe32d793662d42c7fe9f34bfa9c7aff009ffeb9f57fad6af656767e5adadfaf91d186c4fd56f6bbbf5ed7b5dff5b69aea1a0cdff2304ffe93f68fb1ff006d7fa5faff00f5b9eddabfd887fe09b3f0661f811fb0afec61f05e1d2f4ed1a0f02fece1f0bf5bf12695a559e7fe2a9f1de8835ed7727af3e24d6f5c3ce4924f3e9fe4edfb1f7c1fff0085e5fb5a7ecd1f03ede0ff0092c9f1e7e17fc3ebce7fe617af78d340fedde7fec5cfd6bfd9a34d860d374fb8beb1805be9f8ff0044f4b0d2f43ff90171e9fad77a56d0f3f10dc95eede9ebbdff00e01f25fed8171e29f08fc14f8dfe22f047850f8dc5cfc2ef14695e23f878d7ada7e9baf69bfd8ffd8bae6b5a20d081c78897c3e728a723c6042f81d36145d9fe417e2abcf27c5dac687e1c9ee7fb1ffb6354b2b3d5bec67fb4ff00b2f42ff90163fea62ff84731d7d6bfd8e3f6a8f1241f0dff00656fda03c7f3ff00cc9bfb3dfc64f1a0bbff00b017c30d7f5f3fd3fce6bfc5decf589ece5d3e09e0fb4dc5b7f65df7daeeef3a6a9fd8be87d6b8330c32c4a4968b4765a2e9b7a5b6bb7f33e8b25cc96137dddb7eda3ebd75e9dcec3c3736b9a6f893edd657df66b7ff008fdff44bcff27fce6bfbd6ff008365fe206b9f15bc43f187c61e38f89b6fa97c41d2ed3c03a38d2755be2baa78b74cd6f46d79b5bff8922b21f10f883c28742d083789cf8436bae51fe42457f023a3cd04d2ea1f619ffd1fed9ff1f7f89faf3fe457f64fff000697fc3ef11f8bff00691fda1fc713df6b63c3de04f841e16b1b3ff89c7f66ff00c551af78d4281fd883a7fc53ba278dfd78d7f9e2bc5af92eab19d9c6dd3b7ae8b63d359ddf099a60fbf4deff000eb6db4e9fd5ff00d0068a28af656cbd17e47c915e8a28a6058a28a3fe5aff009fef5007f067ff0007757edbfe3eb8f899f087f607d2b49b1d2fe18685e1cf0cfed19e24f103965d4bc5be3bd5e4f885e00d074758c9da3c39e16f0eff006eb2ba80d2f8c3c4119624784102ff000e7a979115fdbcff00f1edf6af4ebdfad7ecff00fc17aff689f89bfb41ff00c154bf6a79fe26b5b7876e7e12f8ef53f813e04f0a5ade0d4b4ed0bc07f0a359d7b41d0890a02ffc247e2dff0089ef8a4e001ff13fe00af0dff82607ec53f0dff6bdf8e86dfe3f6a5a868df06fc0b69f6ed5e0b6bd6f0e1f1c6a408c68b1eb6ae17c3fa039dc18f86118aa0468c293ba8cc331c1e5383fae631a8b4afaf5575d3ab6daf57d6c7a596e598ccdf16b09838dd5d2ba57b5ed7bbe8adebf3d11ddff00c11122d2b57ff82b8ffc13c2c7559f36e3f690d2ef7ebaae85a2f8835fd0bff2e3e3b77aff005b7ff5d6ba84104f9b7bbb3fb103d7fcf07dbf3afe53bc1fff0004e0fd80be18fc43f825f197e0ff00c0af097c39f88bf02fc5fe18f881f0e3c6df0dfc45ab596dd57449639b456f19993c44ede3ad06478937cbe26292ba6f859da392447fd6a87f6c0f1543aa69f7d7d636dfd8fc5eeb1a4da5e73af6a9db18efd7d3b7bd7c9e1bc46e1ebffb536b45d345b7af7fcedd4fadc4f85fc45865fec96bb7a75d74b6ebcba7e975f5afed85e099fe247ec5bfb537c3a82e2dfedfe3bfd96be31f82f48baba03e6d535ff863e2040393c28660f91cfc9e9c57f9a07c13ff008235f8ea2f873e0ff8bdfb4c69df1f35abdd7dd758d1bf64bfd94be1b49e36fda06f3c2c480daef8e3c6faea37c36f802833c1f1547e31f1bb20cf901d822ff7a5f153f684d73e21785f508209ff00e111f0be9767aa789fc61f6bbc3a97dbfc2fa168bfdbdaefe7f8fad7f25ff10ffe0bfbe0e875eb89be12f81be3f6b7a00b4d53fe29eb4f187c34f829e06f169e9a17f6e7fc5b7f8b9f13b3e12e7fe452f18783b22b9abf11e2f3fc5c70bc26af04e2e5277b5b4babad3ded7af476d99ec64fc27956418378ae3895a524d452b277e8f7bbb76ef7beeadf811f19ff00664f8e1fb38ea1a05c7c55f80fe36f827a07c46ff849f5af859e14f1bdee8e7c4da8781342d6864f249f109f0a9fec4f0c9f14ff00c221e0dff84d09e0015fdd67fc1a4ff0dfc1d0feca9fb437c69d2b58d6afefbc53f1bb4bf04b6957871a66843c11e09d075b50ac7eef890c9e3ad6478d71ce78c1ce2bf842f8f1fb4b7c69fda13e2adc7c69fda17c6373e3ff00181d1f4ad16f3c437767a369bff14be85ff202d147fc23ff00f429927fafad7fa66ffc1037f61fd63f621fd82748b0f13f89b4df12f89ff68cf128fda3ef0e85ab3ea3e18d07c2fe36f0978717c15a3a6b7e53ff00c2432af86744d19fc59e26d8ff0069975cf94ac604adf7ab996092c67c7eee9fdebabdfbaf5e9f23f32c63c17d71fd4afc9adbd2eadf81fb8745145739ca57a28a2802c55987fd6c1f5fe82ab41dff001fe945007f8c7ffc141e1f11ff00c3c27f6cfb7f1beb971ad6be3f6bff008f1a2f88fc43778fed2be1ff000ba35fd07fb647e18f4ff0feee3e18c1e0ed1fe15783fe197fc22be09ff857fa0f83f4bd1747f0f7fc237a37f6658697fd8beffc876afab3fe0a09ff0006e6fec37ff050cf8f5e21fda47c63e2df8c3f06fe26f8cb4bd3ec7c78ff0006f56f07e9be1cf1c6a9a2308742f186b7a1ebbe15f18453788e2d104914cc0c3ff094c62337037abca7f905fdb17f6f7f887ff04eefda23e227eca7fb3cfc40b0fda7be197c13d693e1fe95f187e35587d87c4badf893430742f1ee8ea7c0af6de1bf10e83e11f117fc52cbe2478a2de741219e36183f01c79c3b9b71061b2c86065670769272e5d347d6c9d9f66eeeeba597ea1e1c716651c2ef3379bae6beb1f77d2daaef7ba57d4fdeed63e1eeb9f096eb50d73e04788ee752f0bdd7fa6de7c11f10de674cb0c7fd12bd73af87ff00ec56f16ffc517ff626f35d47857e3058f8c2d7fe2537dff130b526cb58f0f6ad67fd9ba9d86a9f9d7e31fec21ff0577f875f1697c52ffb757ed23f0cbf67bbdb3f11e91a37877c15e08f0678cb4b034d207f6ff8cb5cf1c7fc239f17900df954f0bf857c220b850ccb192517f53be217ed57ff000449f123680bae7fc143fc176d61a00fb71d23c27ab78cf52d535dd4c73fdb7aef8dff00e15b678ffa15bc27ff0008757c8e1fc30e20b5b16fa2d53f28fcaeafa9f7189f16387feb3fec89a5a3bb5a5b4f92d6f6f9f9db94fdbf3f68a83e15fec3dfb4c6b904ff0066f106a9f0df54f05f86ff00ec29e3ac780fff00739df35fc24d99f27f7d07fcc2ecff00cfe9d79afeab3fe0a3ff00b7e7fc11b7e277ece9e3ff0081de06f895f127e23f8c3c4165a65f786b57f000f897a5f862c3c4da1635dd0db5d6f11f86c2ebe17c46725f2028f98918cd7f229e04f146a92eb8ba5cd0db1dd9e318c118e3209cf51cff00857e93c15c3989e1fc2fd5717cbcd7dd5af6b2b6baefdbe7d74fcbb8f788f0dc538acb31584bfbb6728ed6b35bc5ff00c33bf43fa6dff82447fc10b3e20ffc14e6cb5af899e3ff00175ffc23fd95b40bbf14783b57f1e680fa4dff00c4cf16f8e7fb1b42dde0ef05689ad4373e1d55c6b2e3c69e2af14c1219250b12aee6c8ff004acf83bf0afc1bf03fe14fc30f82df0eeca7d3bc03f09bc0be1af865e11b3bab96bed4ec7c2be06d17fb0b40126b0cec59d61d1234766e19be6d9182235fe4bffe0d03fda5f43f14fecd7fb4afecb1abea89ff0009efc38f8c5ff0b9ed34dbd397bdf0378f746f0f787758d6106c61ff0014b7893c16cace5d760f10785c0521cb47fd8ad7d657bf33edcda7e3fa9f10155eac557ae700a28a2803a1feceb7f597fefbff00eb51fd9d6feb2ffdf7ff00d6a28a00f88ffe0a35f13bc63f013f615fdaf7e327c35d4bfb23c7ff000dbf672f8c5e37f07eb13442e8e95e25d17c3335c69da94719284cb6f32248b8753b91704739ff001eff001dc6751d774993519a7bf90de7ef24ba7f31e5c7f6ff00fac202eefc00a28ae9c3eff3fd507c8f8b34e9e6b8b95ba965769af6f00b86cfdeea78e38e7eb5e870c6de4ffae9ba1fe3f6fa5145177dd8acbb2fb8e76e6d213e25d19369db2eafa52bf3c90581fe62ba7f87b6707fc2581b69c8d63039e80e4e3f324fe34514ae61fa6c7f443ff06d87c47f16fc3fff0082b5fecfd65e17d48d8587c4fb7f89de02f1ae9fb37d9eb1e1bbbf863e31f1b4d692c3b976b9f147853c3fab8937102e74d80ec2a083feaadfd9d6feb2ff00df7ffd6a28a311f17dff0099d01fd9d6feb2ff00df7ffd6a3fb3adfd65ff00beff00fad4515ce067ff00675bfacbff007dff00f5a8a28a00ffd9, 6408, '2021-04-04 10:07:48', 1),
(4, 5, 'Biró', 'Zita', 0xffd8ffe000104a46494600010101007800780000ffdb00430001010101010101010101010101010101010101010101010101010101010101010101010101010101010101010101010101010101010101010101010101010101ffdb00430101010101010101010101010101010101010101010101010101010101010101010101010101010101010101010101010101010101010101010101010101010101ffc00011080064006403012200021101031101ffc4001f0000010501010101010100000000000000000102030405060708090a0bffc400b5100002010303020403050504040000017d01020300041105122131410613516107227114328191a1082342b1c11552d1f02433627282090a161718191a25262728292a3435363738393a434445464748494a535455565758595a636465666768696a737475767778797a838485868788898a92939495969798999aa2a3a4a5a6a7a8a9aab2b3b4b5b6b7b8b9bac2c3c4c5c6c7c8c9cad2d3d4d5d6d7d8d9dae1e2e3e4e5e6e7e8e9eaf1f2f3f4f5f6f7f8f9faffc4001f0100030101010101010101010000000000000102030405060708090a0bffc400b51100020102040403040705040400010277000102031104052131061241510761711322328108144291a1b1c109233352f0156272d10a162434e125f11718191a262728292a35363738393a434445464748494a535455565758595a636465666768696a737475767778797a82838485868788898a92939495969798999aa2a3a4a5a6a7a8a9aab2b3b4b5b6b7b8b9bac2c3c4c5c6c7c8c9cad2d3d4d5d6d7d8d9dae2e3e4e5e6e7e8e9eaf2f3f4f5f6f7f8f9faffda000c03010002110311003f00fed9ff00b62fff00e7db4eff00c1368d47f6c5c7fcf1d33ff04fa2ff008564558af40e72ff00f6c5ff00fcfb69dff826d1aabff6c5ff00fcfb69dff826d1aa8514017ffb62ff00fe7db4effc1368d4b36b17dd3fe25bff00827d1bb7ff005ff3f5acfafc1fff008299fed75e3fd5fc65a87eca1f0235cb9d13ec967ff1723c43a4ff00c84eff0054d773ff00145fe15c198e6384caf09f5cc5fc5a5bcf5567fd6fe87a3926498bcff17f54c26915bbfbaf7f2f5fc8fd589bf6d8fd95e1f1bdbfc399ff00693f8036df102eaf0e8b67e13bbf187837fb4cea9ff404ff003f80afa226d4afb18f234dff00c13e8dfe78ff003d6bf82ff15ffc12bff6cbd63e1f78c3c55aaf87344b9d5f54d63fb6b47d27c43ac7fc4ceff4bffa81ff00d0bfe23e9fe7afeb07fc113ff6e4f89ba978a350fd8b7e3f78c75bf16dc69767aa597c13f10f8decff00b37c71e12d53c0ba2ffc4f7e0beb9dfc41e1dff8473fe2a8f047a578796f16617178bfa9e2fbab79ed6edbfe7b2d0fa4ce782b1795613eb9847b5aff00827fafe9e5fd2fff006c5fff00cfb69dff00826d1a8fed8bff00f9f6d3bff04da3550aaf5f56bcb63e08d1fed6bfff00a867fe09b46ff1aaff00dad7ff00f50cff00c1368dfe359d4507417ffb46ff00fe7869dff827d1bfc28ac8a283a0ee2ac557ab141ce155eac557a00e7fc61e2ab1f01f83bc61e38beff907f837c37aa789ef38ff00a0168bfdbdefebfe7b7f26ff00b22fc4ef07d9fed21f123f699f8ef3dcdce91e17ff004dd1ad3ed9ff001fff0013fe2bff006febdaf6b5d473e13f0df4f43aff00898e0e307fa10ff828d78da7f04fec77f1a2fa0ff8f9d53c37ff0008c59ffdc77fe243fd7f0fa1afc97ff826ff00c41f875e15fd983e33f88efe1d17c47abe83f1af55d1bc762eecfe5f0a0fec6d035dd0bfe138cf3ff08eaf8735a3e27c8c0c12393d3f28e3dcc5ff006b65783b3b2b396ee3f655dbd96b6ddeeedd75fda7c31cb97f64e698dbeba4559d9ae6d3a5ad6fbecb4d6c7dd1fb487ed2df0e7c13f0fb47f156b906b7ff0015e68faa5ef86ed2d2cffe267fd97d35dd68ff00d4bbd3fcf35fc7c78abf6a8ff8527fb70fc3ff008fde0f9ffe28fd07e2a780be2759ead6979ff1ff00a5ff006cff0060f8ebfe45fcff00ccb95fd37fed9bf1de0f857f107e07f8ab55f0e5b5b783f411ff0008c6b1ab6ad67ace9be19bed2fc75ad681a0ff0062e87ff14df6f5fad7f2f3ff0005c7f1a787b48f8efe08f0f687a4e8ba24dae7f692b7856d2c8e9ba88d35b3b75927a02de22562a0f242b638048f92c262317fdb0925b5e5a2e914a4ff0004dffc39f7f8ccbd61b871ac6493e6ba4dd9b6ddad6fbffa6ddbfd13ecf52d2b58b0d3f5cd0e7373a3ebd67a5eb5a3dd7fcffe97aeff00c4f742f6c7e9fd49bfd4fe03f957c2dff04bbf126b9e2bff0082767ec6fae7892fb52d4b581f04fc2fa2de5deadff213bffec3fedfd07ff707ef5f744fdbf0feb5fbe61310f158358a774ec95bd2de9d5fe27f2be2f0ff0055c5bc2ad536dfc9b4bf52bd57ab155eba0587dbe5ff00c88514515ce749dc514515d073851451e4dc4d1f9fff002ee7d3fc7fcff880b5d3b9e2ff00b427c1fd2be3c7c1bf881f0af5cff51e28d1fec56777dec354e35ed0b5af4feb5fcd7fec37f0c7e3efecbbff000546fda43e125f785b5bff00850fe3bf86ff00f093f8c2ef56d1f59feccff84a342d6b41ff0084175ad0f5cff9163fe122ff0084735cd738ff00a132bfa98bcd67fe27371e1c83ecdfda1fd8ff006db3bace34cf7ff3c71e95e1fe2afedc8755b79fc4706a573f65ff008f2d5ad3fe419fe73fe457c171a658dc96323abe96577d2db77f4d8fbee09cd31385599e50e4926d3d5efaa7bbf3ede4f43f21bf6d8b2f06d9dd787f55bef18f8b6e6dfc0779fdb5e0ff00046ab79ff14cd8789c1ffa01faff002ee2bf9c3f0e7fc1267fe0a05ff0520fdb02fbf691f117836db44f801af78c4f833c23f13b57f11e8ffd99a0f813c0dd3581a1ff00c24a7c4e40035b39da0ffc26acc390a09febb7f690f82707c53f0bf882fac67b6b9d62d6cfec567f6bff003d327fcf0479ff00ec15f033f68cf83f2dc6947c71fd89f0beeaf354bdff008422effb1752d375df146bdd7591ff0042f827fcf15f2bc3342588e2096171516a328a8ddc3a5e125693d9de2aff00ddbad6ecfbde23cc94f875625495f26b5e2a4bdebefd75ddbd56ff007afd48f87de03f0e7c2bf87de07f865e0f83ecde0ff873e0ff000bf833c3769eba5e85a2ff0060f4ff000e4d7413f6fc3fad72fa3f89355bcb5b79efacadbed175fda62f3ec9ff00502d6bfcfad687f694135d5c5979ff00e9f6bff1f969d353b0ff00f571fe19afd992b2492d1688fc15cb99f33ddebaefaea68557a2abf9fedfa7ff005e988b14557f3fdbf4ff00ebd1401e814557a2802c56cea537f66c5fe3effe7e9d47b573d5a1e239bfe257713f1ff1e7fe9969fe7b13401e3ffbff00f8583e179fcfff0047bab3d53ec7ce7fe257d78ce7fcfe47d43fd74b71e78fb4db9e3fcfe7f8579bf86fc9bcbaf0fdf419034abcf1468bff005e1ff31efd7e9f4aee2f2f21862d467ffa7ce9f87b7ff5a9349ee935e6aff98d369dd369bececdff005a19fa968fa5422dff00d06dbfd2b1cfd8f9cf7ff3f8d57d1e2821d534ff00dc7fcbe1ff003fa9fe75d059ff00a66979ff00b7db3c7a7e7938fd2b1ffd4dfe9f9ff39fcbf1fc738ec28c56aa293f2491d0e5269a6db4f74db69faaea72fe1bbcb186ff00c5104f71ff0012ff0006f8c3c517d799ff00a05ff62ff6f73ff83ce78ffebf97c3fdaba6f8df4fd735cff46d43e235e6a9fdb1a4ff00d0074bff0098168a3fea62ff003c56ce99a943ff000b2fe2878727ff0098f5e7c2fd6acf3ff95dff00d31ff9ed7fe3041f638b47d73cfb9b6fecbf126977bf6bff009fff00f89d7ebc7a5311d879fedfa7ff005eabf9fedfa7ff005eabcd37ef7fcff9fe87a567f9fedfa7ff005e839cd0a2b3fcff006fd3ff00af45007ac5155fcff6fd3ffaf479fedfa7ff005e803421fdf4b6f6e3a74fa7f9fafd6b9ff885e2483c2ba7dc6ab3fda3fb3ffe5ccda59fff005bdbf976ad0866ff004ab7ff003ffebf6eddcd7c8ff17fc55a1d9daf882083e26ea5adea17579aa595e5a7f63e8da969961ff84fff00c8bfff00eaf5af3f32cc9e1309b36f6dbf1fc0f6f8732efed4c5ac2376d777e76eef5febe7ec1f0af51d0ffb1bc417b05f7fa45d78c3edbfd93ff313b0d2ff00b1740ff3f5ad0d635ef3a2b89f1fe8ff00f4e9fe78fd738e3d2bf33fc2be15f157827c65e0ff0089be1cf11ffc4beeaccf863c61e13bbbcfed1d32ff00c07cff00cc707fccc5e13ff9922bed9f86faf41e29f0b6a17d63ff0020fd2f58d52caf3ed7ff0012dfb07f9f53fcf9ae6c9b3a59a612cda56d35b2edf3e8bcf6b9e871170dbcaf14adaab2765b2d16fbf4f9dcfa3f46d4a0874bb79e79ff00e9f47f9fff005f155f58bcff0045f3fbff008fe75e6fe09d4ac75e974ed0ec7fd27ecb79fe9977f64ff89658697fd7dff4ab1e3cf1858fd83c41aadbcfff0014ff00836cf54ff4bff9ff00d57ffd5ffd7e2bd8e68f56adea7cef2c9e966afa2767b9e3fa378ab4a9be2ff85e1fb75b5b6a1e28bcd56cb47ffa7ffec2ff0089f6bb8eff00e78f7fa63c7ba6c1af683a858ffd39fd8bd3f9ff009fc7afe5bfc19f127fc26b7fa3f8c7c8b6b9ff008571ac6a97be1bd5bfb63fb37fe2a8d7745fec1ffc277fe11cff0091dc67b7bd7e84fc37b3bed37c2dac5edf6abfda4354bcc7dafa7dbffea35f5ff995ff00ee01f9f9387ce70d89c5bc1e11356d1b6adaaeced66ff4f99ece2387b1396e53f5bc5493bd9ab34deb6b7aef7f5eda1cf783f529f52f0e69f3df4f6d73a85aff00a15e7d939cea9a17f9e98ae83cff006fd3ff00af5e5fe03d7a09affc71a1f5b8d07c49f6d1fe863fe417af7f9d76bd03cff6fd3ffaf5eb9f3a6879fedfa7ff005e8ac7f3fdbf4ffebd1401ed1e7fb7e9ff00d7a2b3eac79fedfa7ff5e839cb1e77ef7fce7afd31d7b7eb8ae23c63e09b1f1545fbff0011eb7a268f6b67fe9769e1ebcff846fc339ffb97ff00e460f1176e2baff3fdbf4ffebd71fe309b55874bd3e7b1b1fb4e8da5de7db2f3ec979ff822e3b7fc547dff00ad53c25f7bbfb8efc2e2b1784d53d74d55935d9e8d3fbfcb73c5ff00e14d6b967fda1aae95aadb78934ffb1ea9fd8fa4f8b3fe25be26c9ff00a8e7f223bf5ef5cbd9cda1e83f68b1f11e95e25f0df882ebfe9cff00e259dffe639ff22c7f9ef5b117c72b19afee3fb720b9d134fb5cfd93ed767ff1ff00a5ff00c87b5dd678f4ff00915ff4ad8ff858504dacf8a3fd234cfb3dade7d8af3ec979ff00402ff89f6bbffa7cfea3d6bc4c4f0ee16ba72c15e2ed7b79d93d975d3f23e970bc458b972ac6f5b24dabbd6d75fd32c69b7907d97c8b1d7352b6d3eeacff00e5d2f3a77ff38faf028fb1e873585be87ab1b9d4bc3e2f3fd3349bbff9065fe39af883fe124f006a46e3c5563aadcf86f50d7af354d6bed7e14f187f66f1aeeb5ff84c715cf78c3f6aed0fe18e83f6ebff0089ba27892ded6f0597f64dde352d4fd3fe439e1fff003fcebe130d8fc72c672b52693b5ecedba5d574b2f4f53eeb1397d3fa95f9a1771bad63d52f5d76bfa9fa910c3e07f07e97a7c1e15f0af86fc25a7ff6c7fc827c3de1bd1b4dd33fe27b8c71fcbfa557d7bc49e4ff00684104d6d6d6ff0063fb6fff002f7fcf1f89afc97d63f6f6d575ef87fac6b963f05bc7ff00f08fff006c785f45d1f56b4ff8991bfd53bffc48ff00e468ff00eb57df167e1bbef18683e1fd727f18dcfd9f5ef0d9bdff0044d1ff00b37fe257aef6f6ff003d2bf4bc2a574ecafa6b657fb27e478a94b0f758c94a69bdaedad76b5efb79d8aff0af4d821ff8581ae41f69ff0089f78c0f3f6cff00a0168bff00303ff39fe75ea1e7fb7e9ffd7ac7d1f47b1f0de8da7e87622e7fb3b4bc7fc7dff2fe5fd2ac79fedfa7ff005eba4e53428acff3fdbf4ffebd1401f64ffc215a4ffcf7d4ff00f034ff00f1147fc215a4ff00cf7d4fff00034fff00114515d07387fc215a4ffcf7d4ff00f034ff00f1156753f00d85a5a9fb3eadabc581fc31e83edff503a28a02e7985b7c2ed2f59bcb7b4b9d6f5a86037025db6567e11b53bf8ef1f85ba73fcab6efbf67cf03d940ba4c173adbd86a7ff1fd6f7a741d516e319fbffda9a05efe98145141d0795e8dfb3c780745b0b5f0ae8f041a578734de349d1f4ff077c2db5b2d239ff987471fc3f1f67fc4bd711aafc1bb0d3af2facb4cf1778974bb5907cd0e9fa2fc31b543903b47f0f051454f2c7f963f722b9e7fcd2ffc09ff0099f0a7ed0df0dadd6c809bc59e2fb8b79af3f7d64d75a1db59cd907fd643a7e81644fe0e2bf4d2d3c19a45a68fa05b5b3dec51268fa5ed55b91c7fc494fac67f9514562462755aeba7f989378374acff00aed4ba8ff97d6f4ff72a87fc21ba57fcf7d4bff035bff88a28a0657ff84374aff9efa97fe06b7ff11451450739ffd9, 4589, '2021-04-03 22:11:48', 1),
(5, 6, 'Tóth', 'Dóra', 0xffd8ffe000104a46494600010101007800780000ffdb00430001010101010101010101010101010101010101010101010101010101010101010101010101010101010101010101010101010101010101010101010101010101ffdb00430101010101010101010101010101010101010101010101010101010101010101010101010101010101010101010101010101010101010101010101010101010101ffc00011080064006403012200021101031101ffc4001f0000010501010101010100000000000000000102030405060708090a0bffc400b5100002010303020403050504040000017d01020300041105122131410613516107227114328191a1082342b1c11552d1f02433627282090a161718191a25262728292a3435363738393a434445464748494a535455565758595a636465666768696a737475767778797a838485868788898a92939495969798999aa2a3a4a5a6a7a8a9aab2b3b4b5b6b7b8b9bac2c3c4c5c6c7c8c9cad2d3d4d5d6d7d8d9dae1e2e3e4e5e6e7e8e9eaf1f2f3f4f5f6f7f8f9faffc4001f0100030101010101010101010000000000000102030405060708090a0bffc400b51100020102040403040705040400010277000102031104052131061241510761711322328108144291a1b1c109233352f0156272d10a162434e125f11718191a262728292a35363738393a434445464748494a535455565758595a636465666768696a737475767778797a82838485868788898a92939495969798999aa2a3a4a5a6a7a8a9aab2b3b4b5b6b7b8b9bac2c3c4c5c6c7c8c9cad2d3d4d5d6d7d8d9dae2e3e4e5e6e7e8e9eaf2f3f4f5f6f7f8f9faffda000c03010002110311003f00fee9ff00b4a6f5b6ff00c03d1bff008aab3fda537fd3bffe02563d15ce06ff00daee3d6dbff013ff00af5661bcb8ff00a76fafd8fd3bfe3fcc563d67ebdafd8f857c39e20f15eabff20ff0bf86f54f13eb19bbff00985e85a2ff006f76038e9f5ed49bb26dec86936d25bb692f57b1e59f1a7f69ff0081ff00b37e9fa6ea7f1bfe24e81e02d375f8b55bdd1df5785f51fb6e97a0320d6b5665d0b4291ce8aa35bd0cb4e46436b646f524aaff00319fb44ffc1ce0be09f8e57fa17c1ef07780bc5bf07fc1be30d4acf57baf103eb7a67897c75e16473a2a6b3a005daa0293ff00092f083cc8d563977a0c57e0a7fc1527fe0a6df1bff6adf895f142f67f1968b73f07edbc7ac7c07e13d02d748f1be99e12f0c781c9d0f43fec3f1cb7870f8a3c3e3c599ff84a3c6c3c2676f8c570aa00000fc31bdf1243e29d1b50f15697e1cfedbd42d3fd37fe121fb67fc4cffe245ff41bd0f3c7e1d7a8af92c5e678bc47fbabb24ed76ec9be8aef4bf63efb0791612846d8a8ba99ac92f722aeb95a5d631bad1a577f71fdba6a7ff073e78af59b8bebdf0ffc2bd2746d2ae2eb4bd3ca091fc6168cb90cdac781e683c3b0b26bece37987c4ff00f096c00ed09122aaa8fd5dff008271ff00c164fe1ffed5575a07c30f8997c34df8bbe2ad6754b5d294e8fa569da6e47f6eebeba46ac43e2264f0fae87e1b051093200c36b92f5fe67d67e3bf11d9c3ff0008ec167ad5b69dae9fed9f07eab7767fd9be1be99d70e3d3823209c10036372e7d1fc2bf1c7c63e03f1469f3e953ea5a97fa6697e26f0df8aed3c49ace9ba9dfff00f5fd7a7f87991cd735c33d25195acdda5196978f66ddef776dd5b6d2e7b8f22c871584785c66552c925a5a4e2f5968d3bb5b5da6b5eb7ea7fb284d793e3fe5d8fbfd8fd7bfe1dbdcd56fb5dc7f7adbff00013ffaf5fcbb7fc103ff00e0a53f1d7f6a88759f849fb45fc451e2cf148b41ad783af3c5779a3ea3e26bfd2f42d1d741d7745f94ab152517c4e7c4f9f180900f13ab7ca715fd3957dbe5b997d6b0ab14dabe89fe1d7bff0091f9b6659762f2ac5bc226adf3b59db5efafdc5efed097d6dfff0001347ffe2aa0fed29bd6dbff0000f46ffe2aa8557aea3cd363ed937adaff00e0168b4563f9fedfa7ff005e8a0028f3fdbf4ffebd57f3fdbf4ffebd579a6ff3fe7f41f89a00d0f3fdbf4ffebd7e3fff00c16dbe2741e03fd8cb58fb0f88fc49e1bf17ebdac6a9a37843fe11ebcff8965f7fc4975fff0084ebfe1381dfc3bff08e7f6e77f4eb5fab379a9793cff8ff009ffebf435f137edb1341af7ecddf182dff00e13fd6fe1bff0065f83fc51ad7fc259e1ebdd1b4dd4f8d175fff008927f6e6bfe1bf17ff00c53b5cb88bfd51ef7d7d6fa7e275e5bfef6b4d2fd7fc4bfaf43fc9a3c55ac6ade2af1e5c58f88f55d4bfd2b58fb6de5a7fd07bf5fafbf4f7afe9e3fe09fdfb027ecb169aa783f55f126bbe12d4fe200b3d2ef6efc2779e24cffc4d33ff00403ffdd5fa9fcb1fce7782751b1f1b7c5ad1fc0f6305ce89a86bde25d32f7fe121bbb4d1bfe417fdb5f87f3edcf4afeb63c37f0675df07fc02f1078aa7fda4b4dd13c2ff00d8fa5d9783fe19ff00c2b7fecdd4b41f1e0ff9016b3ff09c67fe863cf8a3fe12903a7ebf8671f62a70596e0e329414e29c9464d29415a51e649ea93bbbb4f5f33fa7fc38c229ff0068631c549e8af28df5f755d5fe7fe4b467d71fb577c01fd95ffe117d3fe196b9e15d13fe138d7acffb6bc37e13f09f8435af12789bfb2ffe835fd85e1fff00917fc3b9cff876afe3c3f6b4f80f3fc25bbd43c0fa1c0753b8d06f354f147842efec7fd9a7fe117ff13e23d10ffc52df8d7f5ffa97827c2bf13bc51e7eabfb50fc51b61aa7873c07ff00150fc1cd6346f127d83fe24bff00225f8e35cf0ff86fc5dff08fff00c2583fe2a8f03f5cff00c54fed5f8bff00f057af81baaf82747d5fe34f857fb4b51ff857369a50d60f887583fda634bd775af0fe83cf5ff8a8bc59e23cf8a7d7f5af93e15c5cb2ccdf2c861a4e5fdb4edcb26dd9edadde9bd9df65a9f6bc6785c466bc3d9a4b1518afec5b38b515ae89ef6fc9fa6c78ff00fc10e3fe12af1e7ed41f0bf43d0a0d4b44b8baf1de9765f6b19feccd07d75a1ae787ff00e4019ff3effe9a36714f15adbc13cff69b8b6b3fb15eddff00cfff004fc2bfcf8ffe0dbefd953e37f8b7f683b2f8f5e1682f7c39f0774fd14f88efb56d7246bcf0ef8ef52935af2dbc1c9a3a787bc53e1dd73c468a4bf9913acbe08c6e8cf9816bfd06ebfa3b24c3f6dafd1e9e5bb7f7b6f4ebd0fe4be23c4fd6b17966d7e5d7a76ebb74fbfb04fdbf0feb55e8aaf5ed9f281451450057f3fdbf4ffebd63cd37f9ff003fa0fc4d58f3fdbf4ffebd63de4ddfe9ff00d6e3f91cff005a00e3f5ed4fc98bfc7f1e9f87a75af87fe3c4de15f1b784bc51e07f1c58db6b7e0ff1459ff62f89349bbbcfecdfb7e97fafe1cfbfbd7d61e2a98f9571fe7ffadfe7dabf3a3e3f4d7d0daea1e47aff002febfe78a4ecd34f6ea7a786beebbe8fa6ddfd6c7f18dff0514fd80fc71f037e285bfed27f0e7fb37e24787eebc61aa6b5ac5a5a598f0dff00c225ff00125ff8917f6e60ff00c231e1ff000ee3fb0fc2de08fcbbd7e897c2df8bde2bf897fb30e93a9787afc7892e6ced74cf196b5f0a35f7d11f50f16fc30d6c91e3bd1b417f1e16f0ae87f10fc27e231f2b78a599587fc24cca581cd7e8b7827e03f8abe3f5d78a27f11fd9adbe1fe97fda9fe897767fda5ff096ff00f83bf8e38c7d3e02fdafbf65cf8f7fb17f8fee7f68bf83de1db7f1a7c02b93a5df78efc13e1fb3d6b52f11fc36f13e8781ae78cbfb13185f87be2b3925bc284a91f7b6f04ff27f895e22f03d2e2ecb784219bc3fb66379de738c6339c757c3ca4fdcf6b2fb09ce2e6d7246f52508cbfa5bc28fed6c260d7d73692babad5a6972cb5e8babd56b7d11f56681a978cfe23e83e10f03e8bf09b59f805f0faeb48d2ef7c47aaea9fb477c1cf88faa5ff85b42275e1a2ffc2acf83ff000e8f863403e2c1c1f148f177837fe10d3cfca3e5afc89ff828778c3e2dfc54f881e0ff00d967e1c9f166a5e1ff001e1f0b5e5e59da7873fb49bc79f140f8d3413e05f060d6ff00e660f10f1ff093ff00c22dee3af35fa0fe15fdbabc55f153c136fe0df849f023c25e083e323a5d8de78ded3fb1bfd3cffd40ff00e11fc7fc2418f4f5fd7f6bfe037c26d57c09a07ecfe75bd134d3abf813c07aa5f788ed3c4167fda5a97fc277aeeb5a06bd9c8ff998bc29ff0013c23f9f4afcfb883c4fca382b88b29cd71d955a3a452f85272b46f6b6ebb697b5b4d4fd238b70d8c8f0ecb07aa94936d36dca4b4efef34aff002bf9e9f74fec07f006c7f65dfd96be13fc2bff00843bc25e09f145af86f4bd6be24693e09ff9065ff8f35dff0090eeb5ff006317fc80c75afba3cefdd7f9c74fa67a76fd735e4fe03d7a0f1268d6faac1ff1f1f6cfb15dda7fcf86a9fcf8e3a7f3af48afedcc8734c2e71946539d64fae539dc62dececda4fcedabd95bc8fe21ccf0d8cc2635fd6fbb4bf0b5977d7af72c567f9fedfa7ff5eac4fdbf0feb59fe7fb7e9ff00d7af58f30b1e7fb7e9ff00d7a2abf9fedfa7ff005e8a00af3f6fc3fad73f79dffe035a159f79dffe0341d079febf6666f43fe7fa673fe15f85ff00b607ed8de1cd1f59d43c0ff0ab4ad37c7fac5ad9ea9f6cf10ddde7fc533fda9d068ba1ff00d0c15fa21ff050ef891aafc2bfd8dfe3ff008c3c397dfd9be20b5f07ff0062e8f776a3fe3c754f1d6b5a0e83ff00b9c1fcb8ce6bf90ff0dfc4ed56f7fb3e09e0b63f6ab3fb15e7daff00fd63fad76e0b0af194ea25a5e134bd5c2de7dfafe27f707d11fc0be15f12b139b711f1649e7394e4d171870dedeff2fbaef7e8dedbe96b1fbf1f0c7e2a41a97fc23fe31f873fda56de16d4f47d2acb57f84fe21b3fecdd4ec3fe4007fe247ae63fe118f10788ff00e668ff00845bfea3fe27fc7eb8f127c59f0069d776f63e23ff00896ea1e28d1ffe24fa56ab67fd99a6f8b7b7fc4907883af88793ff0014b13ff09a0207e1f9c7fb3bfc41f0f78ffe15f84fe25e9769ae41e38f02bb7c28f8a3a47857c47abe9ba6f8ad7c0da28fec3d5f5bd0c619bc41e2af8784f8a7c0e7c5bc85d0d5390b9afb5eee5f0eeb3f0935dd1756f17af8b7c15e26b4d2ff00e11cf1078874af076a22c352d772344d1b5c0be1a3e19d08633e195f1338c03b72430c8ff097c4dc063b20e3fe2bcb33594b9e3c4f39c26f4945def0b396b64edccf4f9dd37f5d9de4184ca73a96550a6e8ff62547c3ee1d69c233569370e74ed1b38df5692f87551f93be15feca3fb2ff0086fe325ffc64f07da5be9fe12b6f177fc2527c0369f11349d2fc2fe04f1c861ae1d6bfe1094dbe245d08f88bfe6550c3c181bf78b16c1b47e9769b37fc26d7fa7eab637c7fe11fd2b38fb27fcbfea9fcf3fe7b57c69a17ecd3f0fbc0917843edfe10f1df8bb51d334b18d5aeb543f1185f5fe071ae6b7afb1f0be83a0f07fe29a1b0720ece0e7d07c47f1e3c13f07f4cd43fe13fd53c7df0e3c3da5d96a77c6f2f3c0be0fd37c33fd98076d6bc3ea4631ee093d47af8188cdb8b38b31f95e5f8fcd1e78b9b969ae55196ad462dc62e56b2b7ba9b49ad1db5719f5296776af85cc259c34a3050719369415927694b99a6aee7757bae6d53471bfb4b7ed83f19ff00666f10780aefe1278a7c3d71a7f892f3c727c4be15f15f869fc43a5ea0743d6741d086b21d4af89f41c0fbc0120646e1cd7dbffb0d7fc1437c3dfb55dd6a1f0ffc59e1eb7f01fc5dd2f47feda1a4dade0d4bc37e2ad2b8ff00901918075fc727c2ec378c6496c9dbfc9a7ed37fb546b9f1e3e235c7c46b19b51ff843ed7fe24bf0e2d6eacffb349f0be31fdb471ff4360e39addfd89be3578974bfdae7f67cd656e06970e9df143c0da7dd1b5c917da6f883573e1fd70f19e875de71dabfdadf02f85b36e18f0c385728cdeeb34b45fbd77ca9a8ebaed24bb7cee8fd7b8bfe8c1c279e782d5330c5e52f27e34a5c315389d71245f2f3b49ca146496926e2941a975f7928bb5bfbc39fb7e1fd6b3e7edf87f5a9f52cc3733c1edf5f5ce39eff008d6479fedfa7ff005ebf40774da7ba7a9fe484a3c92942fcdcb271e6efcaed7f9dae58f3fdbf4ffebd159fe7fb7e9ffd7a2912579a6ff3fe7f41f89ae5f52d4bfc40ff003f97145e5e7f9fe5c63fcf3cd79febda9f9317f8fe3d3f0f4eb41d0b5d3b9f9aff00f057ad6273fb0c7c50820ffa193e17fdb3ff000b4d03fc78ee2bf918d4752d574ef095c5ee95657371a869646b5666d7fea05df807a679c67d2bfa87ff0082ae78920ff8646f1be953ff00cc77c61e03b1b4ff00c1d7f6f7affd40fb57f33fa94df63f06eb13c101fb45ae8faa7f9f4fe55ed65d758276dfa7ad97ea7fabbf412c3b870366f5168ffd626efb6918aead6da6bd3f1bfa27ec4dfb5af897e06eb579f176d34abff127c23f8816da7e81f15fc3d656aafa9583787f5cfedcf0478d1746525597c28dad6b9e170cac54f82b5f04647842bf7af42f88fe1cb4d260f8b5f0075cd17e287c17f1959fdb757f0a69379ff092e9ba79d74ffc4f346ff8a7f23c3e4633c82b9eb91c57e147c01d23c39e1bf0468fa5dc416d6d71a5e8ff0063d62d7a9fed4d0b1a0ebd9f7ff3d3aec7fc2abf0aeb1af7dbbc0f63e2cf0df8a354bcff008fbf865ac78cbc37a9df9ffb97fa7f87a57f2df8e3f460ca3c49c5c38bb059ac323ce5b5feb25e294652d2ce29b7a377764eebd6e7ed9c5fe0fe038cb14b8bb0d9c53c8f3394adc4d36d5384dd92e68de4d5df5b36d77babbfd90f187eda5fb0c780f46fb6fc4df88de3ef84b076f09de691acea23be3fb0f43f0ff86bc5e35ffcbd6bf33be3efc72d2ff6a8927d0fc05f0e6e3c25f003ed7a5de5af883e20d9e7e257c4b3a0f5fedbd10f3e00f0e738ede34f1a63381c8af9a21f833e00b3d786bbae58ea7e24f105ade7fa65df8b2f359f126a7f97883ffd55ec10ebd63e55bc1c7d9ffe5ced3fafb5737841f450e0ff000ff36caf88b1b9a2cf339dd2938be1ed395e91defa6faefa6c7afc09e09e4392670b36cc73ba39f4ada53a7529cbb3f862deaba3b77b9f25fed0fe20bff094fe0bf0c695a6cd3dbf8906a5696972c48d3acc688e13118c10c46e0cd9230a0b678c1f4cfd9efedd67f157e13eabe47fa45af8f3c077bd3fea33a07f9ff3c58fda5bfb2e6f873e10d5736dfda1a67c48d2bec9e846bba2ebc79fc467dce3a1031d87ecd334137c5af83ff6eff8f7b5f891e03fb67fe169a0e4f6fe5df8afebdc3ab2695acafca92d22b95ab2fbbeeb1fa8f1557ff8c278c2097bb1a156118dbe182a4af0b76d1bb35aae9647fa06ea737fa5de739ff494c9cf5f94753fe7d0d73534dfe7fcfe83f1357b509b17b7c33ff2f43bfb0c73fa81f8d73334dfe7fcfe83f135f2f277949f793fccff009cbada56aabb55a9ff00a533428ac7f3fdbf4ffebd1526473f7937eebb7f3ff3fd3ea4578bf8ab52f262b8f43d7fc9feb5e81a95e7eeb19febfcbaff009f4af9ff00c6da97eeae3fcf27fc3df9e283a53b34fb33f17ffe0adde2aff8b37e0fd0ff00e829f123edbff821d1b5fe7fafb7f2fc179b52fed7b0d1f43827ff0090f7893c2fa2f3ff0051dd6bc3ff00e7b57ebcff00c15575282f34bf84f0eab3ff00c53f6be24f13dede7d92f3fe3fff00e24ba01c7f9f63d6bf25a6f18687a3d8793e07f0b689a6dc5ae6f7fb5aeecffb4b53f5f6f5e95f4596eb83b77ff247fadff44efa9e13c11e5524a79dbcfe3a349a968937d6f7db6d0ee358f86ff18af3e3efc781a57fc237e09f84ff00f0b23c517ba3eade22d63fe3fc7f6d0ff901e87ebc9e074afaff00e1f7ed3707c028b47f0dfc10d0b4c3fb43dade6a8747f15f88bc5e3c39f6fd2f5dd17fe27bad73e1bff845f1f4fe95f9c1a6fc4e9f47b9ff0089acfadea5ff002e5f64d27fe4277ffceb43fe160e87f10ac33a50b7b8b8b5ff0043bbd27c43a3ff006977ff0098e6875f86f15e1f8bf36ce1e162e4b28c9dab5aeb9db6adcd6b736be47cff001a607c52cff0ef81b05974b39e11ca5a7cea4d4a7ccd6ed3bc96b6b5df9e87eb37c3dff82a07fc1453c57e22f0fe96d2fc1bb7d227bc1ff0960f167c515f05f89740c63fb746b7a27883e1c0feddc0e46d07b0c28e4703f1b7e15f88bc61f0aae3c71e1cf8a9e00f8a3f163c1bac7fa1f84fc11ff14de9b7ff000bf5dd6b5fd7bfb147fc241ff3317fc4f3fc9af81f4df1b4fe10d2f4ff000e58cf73a6f87ffb63edb79a4787bc49ff0012cbff00fb91fe207fc25de18f4c7fc2263c1df9d7b078abf6ccd2a1f87dff00083e87e23f126b7a86bd67ff00138f0f5a68ff000cff00b3341d2febf0ff00fcf2320e6be76b50f10f0bc419447fb365ecaf14f5938f2b926e4d5ec9f2bdac969b6ecf1f82b81b8c3c31e2bcab159665f5727cca6e2a6a752528f2be54efccdad15defd7b6878278df4af15eadfb36ebbf10fc7fe1bd6fc39abf86bf699f83fe0ef0de97ab1e9a5eb5e0df8b1ae6bbace31ce7fb1f43e73c6defbb8eafe03eb3e778f3c1f3c13f16be25f0bffe9eb3fe35059fc42d2fc47a369fa2788ae2dfc59e10d52f34cf1359e937579fda5a67f69e863fb00eb5c73ff09178501c37a8f10107ad76ff00097c2be1cf127c64f84f63e0783fb1358d57e24f80f45fec9b4ff9065fff006ef8cf41d06bfa92387785a6afbf246faef27af5f5b5969e9d7fb6abc9e59c29e21e3730cdd49ce8ce514dab2e6e1e5cc95f74e69cb99fda9349d92bff007f1797844b703d3f97f4fe9ebce4e3cd37f9ff003fa0fc4d67cd79fe9571ff005f9ffeafafeb58f34dfe7fcfe83f135f1cf77eaff33fe7cf10ef5ebb5b3ad53ff4b91d07db3dff00f1da2b97f3fdbf4ffebd148c4e9358f06e95e48fdf6a5ff81adffc457cbbe3ef0dd8ac57389af78ffa781e9ff5cfd851457381f873ff00050ef0768babfc1ad56e7508e79e6d2bc4fa55d59b34df7253702d09236723c938ec73ce71c57e03dc68b696f0fee9ae0738ff005bedfeed1457a19637ef7f5dff00c91fe8c7d16652ff0051ad7765c4764aeec938c2e92f3ebdcf90ef354bcf1878fb52f0d6b9279fa2e9fa91b3b5b2847d9e349f254eac44446ed5d870d78782091e560e28d535bd5744f16dc680f7b36b30d864d9ea9ac36ef11db9cffcb3f1169c34dd600ed8fb5e31c014515de92735749df7d37d56fdcfee0c97fdd72c7d5c9a7e7f06fdf77bf7676be376d5b4e8d6de3f12f892e2093ef4579aac9749df802443fcebe5fd4f5cd4b4bd6adef6ce731dfdb5d0f275023378b938ff005b919ffbe7eb4515d788fb2fae9af5f857539f8d774fae9af5fb3d4fabfc21acea1a9f85742bc9a7314f1de6a9b5ad87943f1196f4f5afd92ff823c7c3af0f78e3f6ddf85f6de236d4af62f0eda6b3e38d2d7edccbe4f887c25a30fec4ba63b1b725be4ee8c6d2fd9968a2b0c537f545abebff00b69f93f8ab526bc30e296a7357e1a77b49eba35aebae87f6dd178374a10ffaed47ff00031bdbfd8aad378534cff9e97bd3fe7e0773ff005ce8a2bc43fc687bbf57f98bff00086e95ff003df52ffc0d6ffe228a28a047ffd9, 6789, '2021-04-03 22:10:48', 2),
(9, 11, 'Németh', 'Barnabás', 0xffd8ffe000104a46494600010101007800780000ffdb00430001010101010101010101010101010101010101010101010101010101010101010101010101010101010101010101010101010101010101010101010101010101ffdb00430101010101010101010101010101010101010101010101010101010101010101010101010101010101010101010101010101010101010101010101010101010101ffc00011080064006403012200021101031101ffc4001f0000010501010101010100000000000000000102030405060708090a0bffc400b5100002010303020403050504040000017d01020300041105122131410613516107227114328191a1082342b1c11552d1f02433627282090a161718191a25262728292a3435363738393a434445464748494a535455565758595a636465666768696a737475767778797a838485868788898a92939495969798999aa2a3a4a5a6a7a8a9aab2b3b4b5b6b7b8b9bac2c3c4c5c6c7c8c9cad2d3d4d5d6d7d8d9dae1e2e3e4e5e6e7e8e9eaf1f2f3f4f5f6f7f8f9faffc4001f0100030101010101010101010000000000000102030405060708090a0bffc400b51100020102040403040705040400010277000102031104052131061241510761711322328108144291a1b1c109233352f0156272d10a162434e125f11718191a262728292a35363738393a434445464748494a535455565758595a636465666768696a737475767778797a82838485868788898a92939495969798999aa2a3a4a5a6a7a8a9aab2b3b4b5b6b7b8b9bac2c3c4c5c6c7c8c9cad2d3d4d5d6d7d8d9dae2e3e4e5e6e7e8e9eaf2f3f4f5f6f7f8f9faffda000c03010002110311003f00fe8c7fb4a6ff009e5a67fe09f46ff1a487529ffe7869bff827d1bbff003c7ebdab3e8a00e821d4a7ebff0012cffc13e8d8ff0027f98afcafff00828a7fc158bc2bfb16c5ff000807c39f07786fe367ed117567f6dbcf045dde68da6f867c07a5f5fedaf1c7fcccff00f72b63ff00adfa9369feb6dfea7f957e277ec97fb10feccba3fed05fb587ed19fb5ecde09f16fd97f690f8a165e0fbaf8c9ac68da6f81ac354fedad7f5ed775ad73fe120c7fc241ff21cff0099b4fe79af133acc7fb2f0965af92ebb7ddbad6df33e938732cfed5c5db19d17dcad66bccfc6883fe0e3aff8281f813c79e7fc40f857fb3378b7c2ff006c06efc0f69e031e0a161a5ffd413c71e1ff00127fc251d3fe86ccf38e3078fea83f623fdbbfe12fede9f05adfe2d7c25369a76a1a65daf86be247c3ef10693a2bf897e19f89d9770d175c2a48f10360ff00c515e2727778c5b28eaae180dffda2fe1bfec2337c39b8f1ff008c7c2bfb215cf81f54d1fec5a3f8b356ff008535ff0008cdfe97ff00503d73d7bff9c57f3b9ff04c1f86be15f859ff000580f1bd9fece9369da6fecffe3afd99fe28ea1e21d2bc27e231e24f0ceba345d63c3eba383f2866ff00845bc47ac458cb61361da0798c6bc5c8f88f158bc5fd4f19a5b54fa3d15afd6fdb5fe556d74f6f3be13c26132afae612fbebe5b2ff003d3fc923fabb9b529ffe7869bff827d1bb7f2cfe9deabff6ccdff50dff00c13e8bfe144fdbf0feb59f5f6a7c017ffb62e3fe78e99ff827d17fc2a1fed6bfff00a867fe09b46ff1acef23dff5ff00eb557a00d1fed6bfff00a867fe09b46ff1a3fb4a6ff9e5a67fe09f46ff001acea28017fb5aff00fea19ff826d1bfc68acea280342ac51562187fcff9fd4fe02802c41dff001fe95f1bf8f3f621f82df123c79f163c55aafd9b44f105dd9e97e27f1e5e6abac6b3a68f16785fc75a2681fd844ffc23c78ff8453c47a1eb9dbfe63e3a715f68791eff00afff005abe2ffdb626f1c783fe1a6b1f137c1da57fc249e1fd2f47fec5f8c1e1ed26f759d37c4dff00081ff6d7fc8e9a1eb9e1ff00f998bc25d39ff992cd7ce71661b14f2958cc22bf96fd52f5d34b9f5bc1398fd5736583c5e9cdd5add69f9ad3abd0fceffda57f633fd92a1f8c1fb3878574bd53e125b7c40f1e5ef8f3c17e3bd26cf59feced4f501a1689e1fd07c0ba29ff00847c0f13a9f099d0c8ff0084a3247fc269aff89db39e079ffec67f07e7f801ff00052cb8f849f0af55b9fecfb5f01f8a35af8d9776979fda5a65ff0085ff00b17fe245a26b9ebe22ff00891e878ef5e93ff0508d63e07f86fe0b787fc7d3781ee7fe15ff00c39d1b4bf1a786fc59ff000920ff00849be25ea9ff00302f05ebbae7fc8cfc7e1ff09a7ae2bddffe08f3a941e3df819f123e3878aafb44b9f8d1f193e246a9ad78f3c27697ba36a5e26f869e17ff00900f81745d6faf89bc3fff000967fc4f3c51d2bf3ee1cfae62b364edb7da5d7e1ebd5ecdf97e1fa871a6232acb329eb272d6cb57ab56bdb7ddabee975b9fad13f6fc3fad67f91eff00afff005ab62b3e687fcff9fd0fe06bf635a24bb23f02bdf55b3d4cfaaf5a155e9815eabd58aaf4015e8ab1450068430ff9ff003fa9fc056c430ff9ff003fa9fc055783bfe3fd2bf2bffe0b01fb5d78ff00f646fd993c3f7df0935cff00846fe287c5af1e7fc217e1bf165a59ff00696a7a0e97a168bafebde3ad6b44ff00a988ff00c48fc2fc7fd07eba30b8678cc5fd4d3d74b3f37aad3fc84dd937d8fb43e3f7ed69fb367ecbb61f6ff8fdf1a7c13f0dee2eacfedb67e1ebbbcfed2f1cea1ff602f03f87ff00e2a7ff000af99ff657fdb7afbf6c6d67c61f11bc01e00d6f4dfd91f4bf8c1e17fd9c347f10f8decffb3753f1e78a35df863e3ed7b5dd6bfb0cff00c8bfff001517fc2acf0bff00c22dd3fe27ff00f53757f0afac6a5ae78c354f1078e3c71ae6b7e2df146a977f6dd63c43e21d6359d4b53d7b54ff00a8e6b9faf3fcabfd25ff00620fd8820f83dff04edfd983e01df183c37a8685f0df4af8b5e3c1dafbe3c78e4e83e3dfedbd6c73cf853c4648273ce00ed5d5c47922c2e4eb05ff003366fd55aeb7e97b7e08eae1dcc92cdb2cc662d2b2f2f4b7f5ddeba6df9e1f1aff00e093be0ef8f1f1074ffb16abadf84be1be9779a57d8fc25a4eb1acea5e19ff0084a3fea07e07ff009163fe1223ff0042b7f5afc0ff00f82997c60f1c7fc12bff00e0a27f0bec7f626d57fe109b7f873f01fc07e19f1e5a7887fe265e19f8f1a5ebde34d7f5ed7745f8a9a1ff00ccc1e1dff848ff00b73fe2a9ff00c20bd2bfd04347f04c1a6ea96f3cff0069d4ae2d6cfec567f6bff970feddfaf4ebfcabfcc3ff00e0b01f182c7f684ff828efed81e38f3edb52f07f85fe24ea9f0c7c3769cff667fc22ff000a3fe283fcbfe247ae63fec3f5e2f09f0de170babbdf7976becf5fd353d2e25e22c5e6ba745a7dcd2edb69fa9fd287ec67ff0005ecfd95ff00684d3347d0ff00685fb37eca9f142e7fd087fc243ac7f697c0dd7bfec07e38ff00997ffee6cc7fd8f15fb81677963ac6976fae687aae9bad787eebfe3cf56f0f5e68da96997feb9d73c3febeb8fcabfcb9ececfc9b0820d560b6fb47d8ff00d32d3bff00f5fb7f2afd11ff0082457ed4fab7eccbff000504f811a4de78c2eb46f841f16b573f063c79e1ebaf119d37c0c07c551fd85a26b7fd85ff0022c0f10f847c4234327d00272066beaf32c992b3c1bb757fafea7c9e1b12d7af6d9fdde9f87e3fe80f343fe7fcfe87f0359f3f6fc3fad6c4d0f932dc433fbff9ff0023d6b1e7edf87f5af9cd7a9e899f55eb42b3e800a28a2803a7b3ff00547e83f98afe703fe0e34d07c4979f0fbf64ff00124105cffc21fa5f8c3e2868bac7fd3878a35dd1340fec2fa1ff00847343d6ebfa4083bfe3fd2bf987ff00838a3e395f45aefecdff00b3658df7d9bc3f75e1bf147c69f185a7fcff00eabfdb5ff081f817e9ff0033c7fe0fff003f4b23bff6c27aedb9cd5ffdd23e8fff004a3f0fff00645f84dff0bb3f696fd99fe0b791f69b7f8a1f1b3e17f82ef2d33ff30bd77c69a01d77affd4b9fdb9ffeac57fab47ee26bafdc41ff0012ff00f9f4edfe7ebfa1aff37fff008215f86ffe12aff82a7fec9d04f01b9ff8437fe1687c41ff00af0fec2f863e3eee79ff00918f5ce9fcbad7fa3c59c33cdf68f23ed3ff00d6af47892ef18bae8bd7e15ff005973b61bf2ffc056df3fc4f27f8cdf122c7e0f7c20f8c1f18b559fecda7fc2ff86fe3cf88377edff083782f5fd7bff7075fe44faf5e5f6bdaa79fae4ff6ad63c65abea9e34f12ddff00dc6bfb7b5dff00cb8f5cfd2bfd323fe0b91e3cbef87bff0004affda9e783ed3a6dc78f347f017c24b3c7fd4f5f13b40d075df4ff009973fb73fcf5ff003183a89d5fc49e20bd86622c2d6ec7866c81c8e34400eb679ea0f88b0c0f704103bd75e4cad83dacecbff49d7f17afc8788dbe5fe62789358834dd1b58be9a7ff8f5b3ff0043fe7fe7fce3c7fc79fbfb0b8f238b8fec7efefa2f6fcbf5ab1f13af2dff00b1bc8ed7567f4cfe5fe7f535635286c6f3c39f6ebd82e7fb3ed7fe62c7f0adf12f45e9faa661b74febfe18ff00530f80f69e38b3fd9f7e0458fc4dd5bfb6fe24dafc13f835ff0009e6afff003ffe3cff00842f40feddd6bff0a4efcf6af409fb7e1fd6bf1bff00e0827fb457c4dfda2bfe09ede1ff00f85a93f8935bd63e0dfc48f147c17f0df8dfc59ff132d4fc5be03d0b45d035ef02ff00c4f3fe660ff844ff00b77fe117ff00b807863d857ecc4fdbf0feb5f1789bddef7d7d7ed1e818f59f5a13f6fc3fad67d200a28a2803a987fd4fe07f957f2edff072068fe0e87c47fb1febb06876d6df10354d1fe32595e78845e7fc7ff80f43fec0fec3d17ff0a3d735cebef5fd4841dff1fe95fc37ff00c175358fed9ff829deb1a541aaeb7addbf85fe1bfc2fb2bcb4d5bfb1bfb33c25aa7fc217fdbdfd8ba17fd4bbff0013cff84a3fec74d7ebdac95ffb6aded75ffa56a736235c1af34ff33eb0ff00836b741fedeff8293eb1ae7fd087fb37fc50d6bd7fe43bad780b41ff003fa57f69ff00b54fecebe07fda5bc1bf0ffc3bf117e2dfc51f85fe10f0bfc48d2bc697967f0cbc79a37827fe13cd5342ff00901782fc6e0f873c5a3c43e1de7fe456c8c8e39c0afe463fe0d4cd046a5fb467edc1e3f107fc807e1bfc2ff87d6777dbfe27badebfaf7fee0f35fd6ffed5165aa6b1e08f0bd941a55b6b7a07f6c7db7c4ba55df80b59f1b699804e35a3ff0008ff00893c23ff0008ff0039f5c67e95cfc5988785b63307ef356f3edbae9fa687a5c3997613178bcb3078c7ca9b69bbdba475beda6fd575d7aff241ff0005aefd89bc1ffb3bfc16f1b78e3e00fc70fdb17f686f1cde78c74a179f06f57f1eeafe35f867e11f0c1feded786b27e16e81e1c0be1ef0ef84f9ff008424e76f82c77c57f1cfe09d63c9f0e5841e7ffa467fd3391e99e7b7f9ef815fe951e16f04e87a6f88fc71aaeabe15b6d3758b5d1fc51f63f105dfc1ff00f856ff00fbb278bbfe120ff3c8afc17f891ff04c8fd963f696f89571aadfff00c249e00f1c6bdfe9b77ab7c1dbcd1b4e1e2dd5339fedad6f43f107fc531f9638247d7e0725f113ea98a6b378b51d52d1eda7dda756f5d2e7e8f9d7863fecab1793e68b9b44968db7dadf3dad6ebb1fc83fc48d4a7bcb4ff5ff00e7d39ef83fe4d755a7f88e65d32c6daf74cb5d546956ba62d968173fd90349b300901b5a0e15c7881b0080c8a707951d07f499e11ff8230fec5fa9fc45f0c693e2ef8a1fb456b9e19f10788b4ff0aeb5a0e85aff00c31d07c4fa16a526b0be1ffed9feda9fc33247aeb260b47e1b8d1664676225e1027c67ff00059fff0082757c16ff0082647ed0de01f01fc0ff0019f8d7c59f0c3e2d7c2d5f88166bf13357d1f51f1d784f53d13596d0b5ed1c6b9e1d5f08c7af8523fe12620f844125d76ab00c57edf26e23cab3fbfd51d9e8f5bf977b2d1e9a1f019d70e66b90d966caf7eab777496b6fbf5d7547e98ffc1b67fb6578a2f3c41f123f621bef8793ea3a0ebb7be3afda06cfc7f6be2fd2469de04dda2e89a11f06a7820786593c42be29f11e8281bfe1166472d28088eaaecbfd72cfdbf0feb5fe7a1ff0413d4ffb4bfe0ab9f0026fecad6bc49f65f087c7636977a4dd73a0e3e187887fe275ad9c71e1ce790319fedf079c0c7fa17cfdbf0feb4b32b7d674b6eb6ffb77fe09e761ba76d37ffb74c79fb7e1fd6b3e7edf87f5ad09fb7e1fd6b3eb940af4514500771077fc7fa57f9fbffc14fb5282f3fe0a63fb5c4f05f5cea56f6bf15354b21777779fda5f61fec2d17401fd8bd7f9feb5fe801077fc7fa57f10dff059dfd8bbe237ecefe24f883fb617c4bf1bf82f4eb9fdacfe36fc77bcf83ff072d2eb5ad47e2658f80f44c11f137c6dc7fc22fa178779d0865770cf883c323ae40f632876c659e97f853ebab7a77d15fe473d6d76574b7eb6df73f507fe0d1dbc9ef3c39fb705ecff00f1efaa7c49f85fad59ff00e09bc7df9e7eb5fd9c6a5141368df61b882dae74fbaff8fcb4bbff009065ff00e679f6fc6bf8deff00835ae6b1f07fc02f890208352fb478cbc7ba5deeb1abff0063ff00c4b3fe245a2ffc817f957f5e579ac5bc3a369f3ffcfd1ff4cc7a7e1fe7f3e33c5abcb5574e4f4e8f43a22dae56b4692b3ea8fe1f7fe0e94f8cfe3cf81bf1dbf62bb6fd9f7c41abfc1ecf80fe326b7ac6b3e01be97c33a778e7544f18f817432bac68a8db3c41a07863fb08227fc26114abbffe12438450e4ff003bd6ff00f0564fdbb740bcb2d5b4df883e18d3afadbfd5dd597c32f0529bdc9fe3636edbf03d163e6bfa02ff0083acb418358f8e7fb1beabe7e34fb5f83ff192cbed7f63ff008ffd5342f1a681ff00125f6ff90e57f25fe24d1e0fb2dbf91ebf8fd7f1fcbfa47f61e518bc2a6f2a49f771567b6baad7e7f79d4b3bcdb0b64b356f6f7549dada3dafa6d67d7cf63f6dbf641ff82b4fc2ad23c7be10f1cfed65a2f8aee755f0c788df5aff008477e15f87e05d3fc59e298a2593c15acebbadf883c51ff120f0e784bc484f897c61e19c0fb5118893cddd0a7f41bff053bff8252fc6dff8295f8efe097c53d17e297c27fd9eae7e13fc2af13782ac74af10378bfe2c6a7e2bd535cd775df1036b5fdb9a0f85fc29e193e1e235b214a1f1715cf25d4943fe7d9a969b04314ffbfc7fa1ff00cfe7e5fe7d38cd7fad47c0d97c4979f033e07cfe3183fb37c6175f04fe17def8c2d3ed9fda5f60f147fc217a07f6effc4f3fec63fc6bcec364b84ca9b7834937ab4b4dd6da745f7e9d4e8cc73bc666aa3f5d77692d6dbd92d7adff00a67e707fc1337fe093df0ebfe09e50f89fc7daaf8e2e7e367ed0fe3bf0de99e0cf11fc4cff008473fe11bf0ce85e043ff3267823423c7fc23c7c47a181e37f14f8ac0ff84d0019cf26bf55e7edf87f5ad09fb7e1fd6b1e7edf87f5a2e79a579fb7e1fd6abd589fb7e1fd6abcfdbf0feb40149fafe1fd4d155dfafe1fd4d1401f44699e0dd28cb6ff00bed4ba7fcfeb7a7fb95fc99ffc17cbe327c4ef137fc13ab59f0c78cfc57ff098d9d9feda3adf84b4abed5fc37e0dd3b58d13c2de06b8f1fd9f87bc3da4ea3e15f0e78765b6d2ada0f964b7612990f47418145146265259a70cd9b574ef66f5d16fdcefc992fec8e287657525676d56bd3b1f8adff04b5ff82c87ed77fb2168163fb3dfc3eb1f835e2af86f71e3ad4af05b7c44f876faaebd6f2dde9f6f0cc2dfc4fe1bd7bc27adaa14d3edf687bc91810c779c80bfd62fc4aff82aafed0da1fece3a7fc48b2f077c193e23fb67fcb7f0ef8d65d3ff00f017fe1612b7fe46a28afa697fbb65bfe27f940f05eefd59fc92ff00c1437f6fbfda37f6f283c09e29f8f9adf866e2cbe18dd5fe8df0ebc1be0ff09693e17f0bf84ac3c63fd83ff093450c904773e2bf111d5ffe11ed2fed47c6be28f1386f20ed0bbb8fcc7f10dbc4fa7dbee5ff00974feb4515ec565682b2b7bbd179338f0dadefae9fa9e513595b7d9ee13ca18fb1ff003cff00857faccfec8f667c53fb257ecb3e23d6af2faef55d57f665f80fad5e4e670049a87fc2b1f0ff00ef42ec3b473d324fbd1457ce663b3f4fd0f4b0fb7cbf489ee1378534cff9e97bd3fe7e0773ff005ceb1e6f0a699ff3d2f7a7fcfc0ee7feb9d1457887495ffe115d37fe7a5eff00e04fff006155e6f0a699ff003d2f7a7fcfc0ee7feb9d1450063ffc22ba6ffcf4bdff00c09ffec28a28a00fffd9, 5822, '2021-04-04 11:19:10', 2);
INSERT INTO `profile` (`ID`, `user_ID`, `first_name`, `last_name`, `picture`, `picture_size`, `last_seen`, `is_encrypts_messages_ID`) VALUES
(27, 30, 'Dobos', 'Róbert', 0xffd8ffe000104a46494600010101007800780000ffdb00430001010101010101010101010101010101010101010101010101010101010101010101010101010101010101010101010101010101010101010101010101010101ffdb00430101010101010101010101010101010101010101010101010101010101010101010101010101010101010101010101010101010101010101010101010101010101ffc00011080064006403012200021101031101ffc4001f0000010501010101010100000000000000000102030405060708090a0bffc400b5100002010303020403050504040000017d01020300041105122131410613516107227114328191a1082342b1c11552d1f02433627282090a161718191a25262728292a3435363738393a434445464748494a535455565758595a636465666768696a737475767778797a838485868788898a92939495969798999aa2a3a4a5a6a7a8a9aab2b3b4b5b6b7b8b9bac2c3c4c5c6c7c8c9cad2d3d4d5d6d7d8d9dae1e2e3e4e5e6e7e8e9eaf1f2f3f4f5f6f7f8f9faffc4001f0100030101010101010101010000000000000102030405060708090a0bffc400b51100020102040403040705040400010277000102031104052131061241510761711322328108144291a1b1c109233352f0156272d10a162434e125f11718191a262728292a35363738393a434445464748494a535455565758595a636465666768696a737475767778797a82838485868788898a92939495969798999aa2a3a4a5a6a7a8a9aab2b3b4b5b6b7b8b9bac2c3c4c5c6c7c8c9cad2d3d4d5d6d7d8d9dae2e3e4e5e6e7e8e9eaf2f3f4f5f6f7f8f9faffda000c03010002110311003f00fec37fb5a7ff009e5a77fe0ab48ff1a3fb5a7ff9e5a77fe0ab48ff001ac2f3fdbf4ffebd58aff362efcffaff00865f71fb6f2bfe587ddfd765f717ff00b626ff00a877fe0a346a3fb626ff00a877fe0a346ac8a2b9d5f457feb4ff0025f7059ff2c3ee6684dac4f145e7e34db6b7b5e2f2effb1f463ffd7f4afc26fdb1ff00e0e15fd95ff66ff166a1f0c7e126967f698f891a59367abde784ce8fa6fc20d0754e47fc8f1c8f10e3b0f0a0238ff91dce39f88bfe0e1bfdb2be3843e26f861ff04f0fd9d3fb4b4cd63e2cf8107c4df8bfaae9379fd9ba9ebde18ff8a8341d0fe18ff6e678f0ee342d73c53e36ec7fe299e7839fe737e1effc122ff6ccf1e68dff000957872c6dbed17567ff001e9a4f893fb3bf5ff0afd8b82fc3fc831184a79c712e676f691e78c6fab8f3722d2fa5dc5d9755aad1a6fccc4acdf19cdfd919536968fd34bd9aeba2ff00873fa86f843ff07347803c59e273a7fc47fd9d1bc25e176bad32c2f756f09789b47f1178a2c34a3c1d6868baf7870786f5df0f74dacbe310ca7904119afdf8fd98ff006c5f81ff00b60fc391f133f67bf1c68be35d02d6effb1b57b4baf0ee91a77897c23aa0c0fec5f1c782081e26f0fe78206dfcc026bf871fd9d7fe087bfb73ea52e9f3eabe15f86ff07347b5ff0090c78dfc59e243e36f135fff00d077fb0fc0fedfad7ac780ecfe347fc1127f6fef85ff0011bc49ae69be2df81ff1b759d53c19e3bb4f0fff00c4b74dd7bc09aeeb5a07f6eff6e6879e3c45e13f116bbff0947827fe12c1927818e6be8b88b82b8770aafc38fecb92dfded137ff0081696bbe96d2ead387c2e6df54fade372b57bd9e89bd1add6fa59dba23fbcffed29fd74cff00c14691fe34bfda129ff965a77fe0a7481fc9ab1e19a097f7d04e6e6deeb1f63bbb4ff97fab15f97e1ee9d9b774dfe17ff2fc0565fcabee45efed0beffa87ff00e09f48ff001aa3fdab7dff0050dffc14691ffc5557aaf5cd896f4d5eff00a2ff0025f720e55d97dc8d0fed5beffa86ff00e0a348ff00e2a8ac7a2b92efcffaff00865f71d9f555fcabeeff008272fe7fb7e9ff00d7ab158fe7fb7e9ffd7ab10cdfe7fcfea3f115f15f58febfa89ea9b14557f3fdbf4ffebd15d89ecd7a9cbeff00f77f13f8a9ff0082ab4fab69bff058df1ff8e3553f66d3bc07f057e0e9b2bbbbc7f66d87863fe10a4cf03fea63fedcfd6bf47bf627fda13e087c54f115c7c32f865f18bc37adf8c2e6cffb6acfc3d77fdb3e1bd4eff4bffb983c37e11ff8483fee53af93ff00e0a4c4cfff000517f891e299e7ff0084b45ae8ff000c3e1fe8fa4f887fb1bfb32c354d0ffe27c745c67fe45df0a788ff00f4fd835c7f8f7e167ed53e0f8b47f8efe3ff0089ba6dceb1e17bcfedaf0dfdafe1be8da6fd83fea0ba1eb9ff00092639cff5afdfb87e585c5e51953c6732e58538c6eddfdc8463a775749a5b24eda9f699261b35c2e117d512b37abf26f5f3b5be6ee9faff004a367e36d0fc2b15be87e23f18f84bc37a86a9fda965a3da7887c49a3786fedfdffe249ff09074fe55f8fdff000574f87ba1fc5af841a3df4f05b5ce9fa0de7f62ff00c243a55e7f6969961fdbbff202efff0043171ef8ad0fda2bf66ff88dfb577c20f81fe31d0c784b5bfed4f01f80fc4fe24b4f16783f46f1b7f60ea9fd8bff0021ad0b43f107893fe2a0ff008a8ffb731eb5dc43fb28eabe1afd9fbc51e07d57fb134db8f1ee8e47d93c27e1bd1be1bf867fb53fb6bfe245ff00143f87fc49e2ef0c787fc47ebe29af6333cc3ead84cb712bb72fdf6577aefebf7a3a565cdaccd36f5dfb27d6dbefe57dd753f683f63fd7b5cf15feca1fb33f88bc47f69ff848354f80ff000bef758fb5ff00d050782f40ff00eb8afa42bc5be03c3fd99f0d340b182fae2e747d32f354b2f0d8ba1ce9fe18e9a1e8a7fec5304785c7d2bda6bf26c4bfab635e157da77696caff00f0ebd0f80c4e1feab8afaa5b4f93edd7cee9aff30acfab13f6fc3fad57af3715baf5fd11c657a28a2b90eef7ff00bbf89e6f0cdfe7fcfea3f115a10cdfe7fcfea3f115c7f9fedfa7ff005eb4219bfcff009fd47e22bf2fc3665ba6fc9dfefbfe48effab2eebf1ff33b0866ff003fe7f51f88ab158f0cdfe7fcfea3f115a1e7fb7e9ffd7af6f0b896f657f4be9fd7f979a591fce3ff00c15a3f664d57e1efc64f0bfed7ba55fe8973e0ff0088df123c2fe0bf18787ad2cf59fed3b0f147fc2163fb0b5ad73dbfe287fe95f9dffb53fedbd3fc48d2f4ff0082da1f856e7fe297d634bbdbcd26eef346d37fb7bfb0bfe635ae7fd4bbdbe9f8d7f591fb547c01d0ff006a1f80ff00103e07eb97dfd89ff0995981e1bf108e4f847c79a1635ef02eb5f4ff00848ff4fc2bf8d7f833ac6abf123e20dc783b55b8b9f86ff1e3e0ddefd8acfc59e1ebcd1b4df135ff0085f42ff890ebba2f3ff23078779ff915bebd6bf7ff000df30c2e6f94ff00b5ef92e96ebd2fa77b597a1f43926658bd308de97dfbababaf3bfdff00afed4783ff00696d574ef85f6faaf8ff00c29e12f84bf0bfc2fe03fb6de788749f891a3ffc24d619c7fc4ebfe858f0ff00877c27fe45771f037f6a2d73f6a8f0be8fe009f4bb6d3758b5f891a5f82f47d5bfe619e3cf0b8d6b40fec2f1a687ebff0014e7d7df15e81f0666be87c0771378fe7d4ae7c3d6b67fe99a4eadac68da6f8675ecf41ae687e1ff00f8a63c4147ec1f67ff000b6bf68cf881f11a7fb37fc22ff0becf54ff00846fec98ff004ff146bbcf5cff00cca7e1cd73f0fedfafa2e24c4e0f2bca333c661767aa6d69adb6ba4bcd7a7dfede6388785bf9af7ada745fd5bb9fb41e1bd1e0d0746d3f4a1f66ff0046ed69cff9ff00ebe3935d079fedfa7ff5eb1fcff6fd3ffaf562bf0bfed2e67f5be6df4d56badafa7ebe87e71896db727bdf7ffc07afdc58aafe7fb7e9ff00d7aaf55eb9b11897a6fe5a6af6fc76feb67eff00f77f1343cff6fd3ffaf4567f9fedfa7ff5e8a3eb0bcbfaff00b783dffeefe278bf9fedfa7ff5eb4219bfcff9fd47e22b9786f3fcff003e3f90ff00f5d73fe35f891e1cf86fe1cb8f15f88efbecb6f9fb159da0ff00909ebdaa639d1743edcfeb5f986439563b38ce329c93255fdbb9ce78d452ecdb5a3b7c2d75ec77e2f1982c0605e3f1f2e5824db6dd9592beef4eff0033da2cfb7fc0abc1fe307ed69f007e03da5c7fc27ff11b4dfed0b5ff00994fc3e3fe124f137fe08fc3de807a7b57c0ff0010be32fc54f8e5a5dbc16f37fc225e07baff008fcf0f787af3fe2677ff00f61cd6c67ffad8e9dabe77d7bf67bd0ef34ffdfe956df68baff3c0fe5ed5fe93785df412cd319838e3bc47e29fec4568c9f0c70e2d5a693bbcf3bebb2eba1fcabc5ff495c260b152c1f09657fdb56ba6e5b26bbbed7ebbbec79bfed2ff00f05b6f1feb175a8781ff00657f03ff00c2b7fb559ea96567f13be2159e8da8f89bfb53fe604343d0ff00e458f0ff00fe5e3fa57e47e9bf0c75cf8a961e17f8d3e1cd56e7c37f1a3c2f79f6dd6356bbff0097fd53fe63ba2f8e3e9fe06bf443c55fb19d8ebd7f983fd1a71ff1e777f63ff0ff003f4af50f863fb25f88fc2b7f6f3d85f7fd397dafec67d3fcff002fa7f4c665f44ee11ca78732c5e1d668b25ce127ceb891dffd62b5b7fbb4f3d7c8f82e0cfa4f67182ce3fe330cae59ce519e3b2ff5737e1ab34aef4d5ef7f3fb8f3ff84bf04bf6e7fda1346fecad73c63e09f86ff0bf5ebcff008a97c59e13b3d67fe126bfd2ff00e80ba1ff00d0bfff00d7ec0d7ed07c25f87b65f007fe10ff000afc2bff00896e8fe17d23ec579f6bff008997dbbfec39dbfce78af37f81be09f1ff00c31d1bfb0e1bed1752d1bed9f6db2b3bbbcd674dfb07e1ff0008df1edffd6af78b3d3a7b3fdfcf7d6d73717567fe7f9fd715f8be3fe8e7c5b9a4d61339ff00569e50a51e6e5d1bb357f3bff5a1fd098bfa41f047d4beb5835c4b9c49ab2e6fb2decdded7b3dfd0f68f0dfc72d73ecbe7f8c7c39a60ff004cd53fe26de12ffa059ff9016b5fd87e20af68d07c6de15f157fc80f5cb6b9b8ff009f4ff906ea78fe5f4cff004af8de7b3ff9ef3fae4e3eb9ff003f4f6acffec7fdf5bdc41f69fb476bafe95ec711fd117c3fcd700964f9b7f62672a292b5f96e92b5b6bddedb7e363f1ecbfc73e20c263af8bcaffb632672bebf14237bf7dd2b5fb6e7df1457ccfe15f89de23d365b7b1f11fda751b0ff009fbff989d87d33f5fe75f4059ea505e5ac13d8cff69b7baff8f4bbb4afe17f13fc27e2df0af17f54e204e592dd28f132d9b6d72c5f9cb4b2d2f7ea7f47f09f1b651c678558aca6d195b9b97aadb65bd95f7b795d1a1e7fb7e9ff00d7a2abd15f9726f4b38b5d1ebaad2cfe775f79f607cdf0de7f9fe7c7f21ffebafc87fda9fe2a5f7c4efda1f4ff00006873fda7c3ff000becf54b2b3b4e86ff00c78345feded77a7fd80cf85f1cf4afd40d635e8341d1b58d727ff8f7d0b47d535a3c0ff980e8bfdbddbbf6afe77fe1ef8aae21bfb7f88d3fda752f10685e24d2fe276af69ff41ed2ff00b6bfe2baff00d3e7e5dcd7f597eceef0fb03c5bc6fc4fc738e517fea42b24d2d78873eb6897656d9691ecb63f9dbe94dc5b2c9f84f2ae1e8b6a59d24eeb46b6edf96e7ea47c31d4ec2f340f22c7fe63df0af4bf8b7a463fea3bfdbda0ebbf8f4f41fcabda3ec706a56ba7df0ff008f7bab4d2ef6cfd7ff00adff00ebe95f03fc19f885a57857e287883c1d3df7da6dfc09f04fc79a2e8f93ff001ffe17d7be27681af7817f4d73aff3afb63c07793ffc22fe1fb19e7fb49d2f47d2ecbed7fe7f5aff005cf31c3cb098aee9abb5adba5d6fa792f33f84f24c4ac4e135693ef7b3e9a77f5f99d059f85609a5f3fc8eff00e7f976fafa5761a6e9b043f89ff381f43fe4d6859f91e5738eff00fd6fc3afe18ad8b387fcff003e7f98fcbb57cde2714ddaedbb6dfddf4edf2edbe892fadc26154764bbb495bbf6febe564ec41dff001fe95a30ff00a9fc0ff2aad79e459cb6ff00f4f47fcfa7f9ef55e198cd163f103fcff8f7af25ebbebebaff005d0f75732d172fe3e5ff0003f0362b621b3edff4e7e9f971fa631ee3bd63d9f6ff00815741e77931f9e73fe8bfe9bfe79eb9fd6b82d7924f76d2d77d5aefe6d7cce8c35f95ae8d59fdef6e97d8cf86f20f2bf7ff00f3e7a5defe9fe78e33c57ac7c3dd4bced2ee34aff978b5e7d7f5ff003d71ef5f1fff00c24907fc247e28b1ff00977d2f58fec5b2ff001f5ce35cd0ff00fd75ed1f0df529e1d674ff003c8ff4aff421fe7fce3a57e47f48ee01ff005abc25e27c2b5ae4c971226faff60a5eea7d6fd527afe5f6de137177f65f1be5693b464ffd5cb2f875b3e6ecdeab5f3b1f4c79fedfa7ff005e8aafe7fb7e9ffd7a2bfc52788b36afb3b7ddff006f792fb8fef54ee93ee7e6bfed1fe2bff8457e03fc58d560ff008f9ff843f54d16cffee3bff121c7fe573d3a7bf35f8d1f0df419e6d2f4ff00b0ce6ebecb9fb1ddda7fc4cb53d0754ffb017fccc1e1defe37f0ad7ea3fed81aecf67fb2ff00c709ec7fe3e2ebc1ff0062b3ff00b8eeb5a0683ed5f1bfecdfe0e87c49a5e9f06ab7da97da2d6cff00e3eeeecf46d4bfcfe3ff00ebfef3fa0878c5c27e1a70f714e0b37ca93fedbe264e5c4a9ef6b5b4f2d12bdfcac7f3ef8fbe0e7167898b2bc5f0e666bfe1152493b3bfcadfe47c21f16752d73e12fc64f005f7dbae74dd1fc4fa3ffc233f64c8d474c3d35dd0ff00b0f5b3f7bc3c49e9e2bedc9cd7eaff00c01f8c163af68d6ffbff00f48edf8fa7e7d71f4f6fcaff00f82b76827e18e83f0bfc4627b6b9ff008b8fe18b2bcbbff906fd833ace0f183d8e3d475ad8f833e3c9fc372e9f8befcfff00d79ff3ef5feaa64bc69c27e2560de3387333bdb7d1f95f5f2d3fc91fc1f9df877c59e1b63161788f2d776ef7bab5ee9dd79eb7b5f7d7d3fa10d1f5282f3fd44fff00d7f4e9e86bd034d87ae3f1ff00ebf3f5e9f5f6af8ffe1bf8da0bc3a3d84139fb7dd7f5ff003f5fd6bea8f0dea5f6c8bcfebfae7e9fe7afad78d98e15e15db5ecddbd3e7b35af43d9c9332fad7925fd6cfe7afea1e2ad4bc996dffe9ebfd08fd3d7dffc6ac69b79e774ff00f57f4ff20572fe369bcebfb0ff008f6ff4abcfe5fd3f2ae5f41d63ec7acdc695fe93e7fd8f54bdb4ff0043ff003fe3dba52586be0d5bcacfd5fa9d7f596b19d7faf9fa7f5a1f4041dff1fe959fac7892c74db0fb75f4ff0066d3ff00e5f2effce7f4e9f9d70fa6f8f34af2fcfbeb8fb369f8fb15e5dffcf87ebfe7f2af2ff8d9af697a6fc39f8917daadf7d9bc3fa1786bc517babead9cfd834bd0b45feded77fcfe3eb5e7d3cb7fdb21f5c768de3ae8924daddf5d3efd19df3ccaf8292c1fbd2b3bf577b6d7f3ff0025ebe2ff0004f5e87e2178dfe2078a6c6fbed3a7daf89354fb67daff00e419fda9a0eb5fd83fdb5ff943d0fdb915f7078726ff008a8f479c7fc7bfdb38fb5f1a9e3f3fe9ebf87e5fff00c13c758b1d63e1068fe23f3fed306bd79aa6b567fe99a37fcc775afedef7edfafe55fa3179e24b1d33ecf3ff00a4fb8b4b3d67523c74ff003fad70f8a95b25fecbceb28c4e714de54f0d5134a716db74afcaecdb6a5d5777d4c7c2fc0e7989af94e370d945556ac9ddc26b5e75addc77eb7d3e4f7fb628aaf0ccbe58fb4ffadef9e78edd3f1a2bfe7bb11cab115d45a7155aaa8f9ae776fc2df79fea552bfb3a77df9217f5e547e467edc5a259da7eca9f1a1a16b852347d2c73283ff339f87cff00733c67d6b8bfd8dbc37a75d786f4d337da1b7d98ddfbd033d7fd8a28afd4fc03d7877335d3fd634edd3ec9f4d85ff737ea7e7dff00c172bc33a5c9f0afc122759ae7cbf1669f2a9b894390f696e6ee13f757eecdc91dc71c75af987c2ba7426c2c17ccb8c73c7983d3fddf6a28aff5ebe89cbfe12733d3aae9e68ff3e7e962dff6c651abd631bf9e91dcfd86fd9eb44b3b8f8a7e11d2e56b836765f09bfb56de3128052f3fe243fbccecfd303eb5fa19f0db41b59f4fb4796e2f99a5bdd4f79fb40e7fe275ff005ce8a2bfa3f88fd3eca3f95b84dee68f8cfc35a6adc787e41f68ddff000927fcf51ffc4572975e16d36d7c79e0f7865bd53fdb3a57fcbc0f5ffae639a28af130ff00ee3f2ffe44fa3c57fbcaf5fd11c4ea1e14d32d3c7bf117c370497aba44be1ad537dafda015ff00902763e5f7fa1af1efda5b42b1d63f633f885ad6a0269eff00c49f003c5116b1299062f13fe113d4ad30ebb783e4dd4a383d483d0628a2a33eff00912d47d795fea6bc33ff0023c82e9cd1d3a6f1399ff824d786b4d5fd93fe18e3ed1fbbd1fe5fde8e3bff00733fd2bf433e2778434bf26e1fcfd473c7fcbe36391fee7b51457f961c7756abc46777a951eb5379c9fd8f53fd64c828d28d2c9f969535fbb86d08afb3e48faf7fe115d37fe7a5effe04ff00f61451457f9dd51bf695357f1cbff4aff808e97bbf567fffd9, 5962, '2021-04-04 07:19:13', 2),
(35, 38, 'Pál', 'Fruzsina', 0xffd8ffe000104a46494600010101007800780000ffdb00430001010101010101010101010101010101010101010101010101010101010101010101010101010101010101010101010101010101010101010101010101010101ffdb00430101010101010101010101010101010101010101010101010101010101010101010101010101010101010101010101010101010101010101010101010101010101ffc00011080064006403012200021101031101ffc4001f0000010501010101010100000000000000000102030405060708090a0bffc400b5100002010303020403050504040000017d01020300041105122131410613516107227114328191a1082342b1c11552d1f02433627282090a161718191a25262728292a3435363738393a434445464748494a535455565758595a636465666768696a737475767778797a838485868788898a92939495969798999aa2a3a4a5a6a7a8a9aab2b3b4b5b6b7b8b9bac2c3c4c5c6c7c8c9cad2d3d4d5d6d7d8d9dae1e2e3e4e5e6e7e8e9eaf1f2f3f4f5f6f7f8f9faffc4001f0100030101010101010101010000000000000102030405060708090a0bffc400b51100020102040403040705040400010277000102031104052131061241510761711322328108144291a1b1c109233352f0156272d10a162434e125f11718191a262728292a35363738393a434445464748494a535455565758595a636465666768696a737475767778797a82838485868788898a92939495969798999aa2a3a4a5a6a7a8a9aab2b3b4b5b6b7b8b9bac2c3c4c5c6c7c8c9cad2d3d4d5d6d7d8d9dae2e3e4e5e6e7e8e9eaf2f3f4f5f6f7f8f9faffda000c03010002110311003f00fde5fb7cbeb07fe03693ff00c5d41fda12fadbff00e0268fff00c5564f9fedfa7ff5e8f3fdbf4ffebd7fced7d69f67f87f5d11feb3fd517f2aff00c07ffb52f4da84dff4c31ff5eda4faff00bdfd78f5e6abfdaa5fef5bff00e02e8ffe3547cff6fd3ffaf454ddf77fd7fc3237e58ff2c7ee44f35d4deb6ff5fb268fd3afaf6fd2b9f9aee6f5b7fafd9347fafae38fd2b46b1e7edf87f5ae0af77251eada497ab76fd3f03b30a96ba2df5d3c8ad7bab8861f3e7feceb6b7ebff1e9a38fa0183d7dabe39f1dfede9fb3a7c3df8bb61f04bc61e30fec5f1b6a7682f2d0ddf8733e180587fd06c9cfd3dce3d293c53f10bc55f11fe325bfc16f857069b73e30baff00892e8f77ab7fc8b3a0ea9ff31df1a6b9ff0052ef84fc38727c2dff0033a7fc88f9cd7a87c60ff8260fc1d86c2dfc47ae7c46f1f78ffe2c697a46a9ff00170be268f06ea3ff00134d77b7f61f87fc37e111ff0008e8ff00a15b8fa679afeb3f0dfe8c593711709be22e2553939c25c915350973ca3fbb93e784ef1536a528a49ce29c54e0da92fcbf88bc45794e6dfd91834be2576a37ed7d74f3d75d6dbea75da078eb42f17e8d6faef85756d175bd1ee866ceeb49b6d24fbf76c75ee3ad599b529f1ff2ed8ffaf3d18f7f73fd78e3079afc3cfd86fe32f88fc23fb5878e7e08f893ecd6da7fc436f138fec9d26f3fe2993e3af03e73ad68993ff3353685ade303f8bc33d71c7eda57f1f78bde1ebf0f38ae9f0fff00cbbaf4bdbd16d5b9a9f3ce9beaf45529d485fab8b9763f57e1aced67d942c5f2a4d5b65d572edeb74cb136a53ffd3b63febcf46f5faff5e3d79acefed29bd6dbff0000f46ffe2aa09a6ff3fe7f41f89acff3fdbf4ffebd7e2f89d2f7d2dffda9f4e4ff00da537adb7fe01e8dff00c551591457cd9d07d31e7fb7e9ff00d7a3cff6fd3ffaf59f457f43fd652d6e97ddff00c91f0e6879fedfa7ff005e8f3fdbf4ff00ebd67d57ae9fad75be9ebffdb01a134dfe7fcfe83f135cbeb3a97d8f4bd46fbfe7d6cf54bdcfe9c7f9fceac4d37f9ff3fa0fc4d79bfc48d63fb37c07e289ff00ea0ff9ff00f5fb8aeccaaf9ae7394e152bfbf1bf5d9c7cbfcf7fbedffb2e1357bdf5dbb5dfa6ddef63e3ef863fb3b7803e24780fe37f8c7c71f1bcfc2ff881f147c79ff085f83eeeef48f06f893edda58ff9837fc20fe20f0df8bbfe1201c0e99e740e78e963f68ff0e7ed5ff0cfc2de0ff849fb217c4dd4be23f87fe0e7c37d2ef7e23dddaffc21de23f1d7c4bd4f5ec63fe1081e21ff0084b7c323c3bff08df63c8271ef5e53fb3e6ada67c59d27e2fea1e16f10ebba27c7efd90fc4ba678cfc1cde131acea3a93785fe2af82c6bdaf0d6fc11e1ff001278447887c3de2bfec5d6bc3040e4657b115f8d7f157f685f8a9fb2e6a5f17be288d5bc35f0d7c71f173367e12f86be15b3d6752f1278a935cd672dae6ba35e05b40f0e22866f056d04e380a71cff00abfc294331970ee4f4210939ca347929a56725350e4693b479651929294ad1e57ccddac7f3fe7987c12c6e6b8efed48bd5ae974d35a5fc9a775abbb7a2b58eb7f674d7bc63e35fdbc3e00f8abc5761fd89e28d53c47aa6b3e23b4fb19d37ec1cebbff126fec3c7fc483ffd5e983fd3379fedfa7ff5ebf027f65cf01d8fc21fdaabe047877c5379f69f13f863e1c1d1bc47759ce3e2778e7453919ebc675be4e33cf535fbcde7fb7e9ffd7aff0033fe97b9cbc4f88393e8928f0d4a319a8b4a72fedecea574e518b95d4935a7328385d2d97edbe1be1d2e1ed1eef6bf5f774b26f5defa5ef7e962c4d37f9ff3fa0fc4d67f9fedfa7ff5eabcd2f7ff003fe7d067dcd15fc7b89c4bc559eaacd2bf77d3e77fbcfd212b25fd740a2b3fcff6fd3ffaf45731d07d31e7fb7e9ffd7aafe7fb7e9ffd7acf9af3fcff002e3f98ff00f5d71fe24f1b7823c1f2f91e3ef88bf0dfe1c1fb1fdb40f883e3bd1bc364e967b0d0bc41ff00153f23e83fafefd9765f9b67d8bfaa65196ace1ec9b7cbadd75d16fd6ff2d6c7c56271184c2a7f5b52f926dab7cba2fc7c99dc7db3dfff001daaff006cf7ff00c76bc735cf8f7fb25f873c25a878c3c4bfb66fece765e1fd2ffe3f3ecde31d57c4ba9f53c7f617873c3efe27f107f9e9cd79d7c14fda6fe0b7ed21a7f8a355f82fe31b9f16e9fe0ed6068dac7f6af87358f0dea7827fe247ad7f626be723c3dd7a90411935f5dc43e1bf89dc31c372e26cd7859cb2487c5383f6918ea96b38f34559a69ebba77dd9e165bc61c219a66cb86f0b9ab8e72de90a8a54e52eb651a8a3277e9656d3c99f4c4d79fe7f971fcc7ffaebe7ff008f1a91ff008423fb28ff00cc533f6cfc7a77e79fe55f27fedc9fb75587ecafa668fe1cf0ee95a6f8b7e2878a2d3edb67a4eab79ff12cf09697ff0041ad73b74f7af923f628f8e7e3efda2f41f8ff00f153e37f8a75bf1669ff000e0699ac9d2ad2d3fb3b4cb1ff00892ebe742f06689a1f1ff08fff00c257e222070074cf5ce7f53f057c13e38cdb0b95f88f8e6b24e10d26a124f9a716d5dc6f1b69ab6e4d269e8e4cf8ae2cf16784f0bc40f81305ef67295aeb5f7924acd776edebdb43f1ebc77f10eebc0bfb71fc56d497e2d7893e0aeafe25f02e9d6de1cf15e91e21d67c398de224d1346d79d7e620f87115704ed53f74ee76cd8fd95be1d69bf1bbf6def045cf8f3c57ae7c68b9f02dd6aff163c49e21b9bd6f11e9baeea3e09d0db5cd1743d735d2776d6f101d1518670cac54f048afd26f127843f68cfd9c7e12fc5ef8b30f88bc25e35d7fc6167a5fed01ac7827e25f83b45f1b7c21bfd2f5e2743f1d783344d0fc41e1b1fd827c264e8833e1439c054040031fabff00b3b7ec75f00b48f0bf87fe23f8e7e04fc2ff0085ff00163e27f8680f127fc292f0dfc4bf84de1abef0beb9d8687ff09278bbc31ff090fb0f07e3d3a57fa5b85c660964d0fec893735c374f86d4e2a37e684210e6526bdac2d1768d9a8cda564b9535f81e2562de73f53c67c1cdfeb14bb5b9aed3dd376fb2d5f5f5bfe10fc6bd37e2a78bff0068fd00fc17f11db7897c51e0ff001dff006cf8c3c59a45a7fc4b6fbc79ae329d7746d17fe120c8f100f0a608ff0084a323c18464f4fbddbffc3dd3e3efc26f1dcfe0df8c5e10f0178fac341d60e8bacdaf87ed3fe11cf11ffc48b9d7781e22ff0084647fc2298c11cf41f87eb3f86f51fd92acbf6a9f881f02743f11f86fc25e3ff85fa3ff00c2c1d1bc3b697bfda5ff00134e3fe28bfedbebe21f88793a1f8a3fe117e07fc219af11db8fe487e3be99abf85ff68af8cf3fc59d0b53f0e5bf83af757bfbdd2754b43a7ea7af6a7ad78cb5ef10689fd8a9c903c53e212cc4f61b89e0123e232ff07b83bc40c466b94788dc27c379c2c968461c32e506b88542728d46dced194633ab3534e325f12519753caf12fc52cff8570794e3781f36bc1712273517a72a494a3a36ac968eeada5ef7d0fed67e18fc4ff07fc5ef87de12f897e08d53fb47c23e32d23fb6748bbe9c7465ff00b1878e9f4c7515d84d3ed8f691f7883c8e78ff003d33ee7bd7e28ffc1147e2d6a9e33fd9f7e227803c433ffc4c7c09f118789349b5c9c58f867c6f9d77fb18671ff330689ac9c70339f7afd95370597271f2f18ee73f8fe9f5aff1bbc66f0edf867e27f17703d27374b26cfeb2c33b3bbc2d64abe4ea578c6f28d0aca351a8db9af67f0b7fdbfe1bf163e35e07e16e239db9b3976abb3b4e2927aa6ed792d15f5d1f72ef9fedfa7ff5e8acfa2bf2f78577776ef7d76ff33ee4f789a6ff003fe7f41f89af1ad47e11fc1ad4ae7ed97bf09fe18ea37fc7fa55d7817c1da8ea5f97fc2383df27f9577bf6cf7ffc76b225bb278ff3edc1fd47e3ef5eb4b89f33cbdb795e735a94e4b95ca8ca74e5caed74dc1ad1eed3dfee479af0b096928c64bb349dfcb58f53f2cbfe0a93fb2af877c79fb3cdff00c49f875e01d12dbc7ff04ef7fe13416be13d2347f0dea3af78106478e346ff008a7fa63c3b9f131e381a09fc7f0dff00656fdab35cfd8ffc6ba3fc57874cd4351d3b5eb6fec3f187c35b5bd3fda3e3bf0c6bac35dfec63ff005301c03e093b73819c1c60ff006112ab5c41750c1f66f3e6b3e7ed7ff20dc93fe22bf855f89579f12fe12fc61f18fdb3ecfe1bf88de03f893aad90b4b5b3ff00896e85e26d0b5ac8fec4d0fa7fc23f8eb8e33d3835fe9d7d0878997897e1df1c7849c6b0fedccaf286aad275eac9d4a986e2194a328415dcfd9d2af4aaaf6c9a94259aff00372b8ff0afd293237c2bc6dc0be23648e592e697b5471f83fe10797e2b5a379a92d1e8d5afd4fb3ff6eaf8cdff000b9bf68cf147c5ad2b4ad4ae7e1c5cda7862c747bbfb1ffc54ba0f863fb1741ff90e687d31ef9fd2bea8fd93ff006bff00d9ebf62ff81bfb4bf86bfe1245f8c5e20f199f85dad786f4af0a691ac8d475dd50ff00cc9849ff00a148673e28e4fa64e057e3369daf78c35ed0a0bef1878c753b9f13ea9aceabff00091e71a8923a0d188f106704800e0773df8ae87c09ac695652f8c6c7fe62f6b67fe8569f63ff00a017b7e67fad7f7de5bc1781ca385b2ae1150be499270fae1e504ed1972c969751f89a56e651776ef6e87f21cb8fb19478af34e31c2c9cb399711ddc9de5a3576d775bedf7ea7d23affed99fb5a7c40f0e9d52df5cd6fc3de16bab3d4fc3177f0ff5fb3d23c45e063e16d7759ff98d8619c64f75078ec0915e8faeff00c164bf6b5d7be045be87a5d97c2fd175fb5b31f0ff00c37f10bc27e1aff846fc73a1785f42ff0098ce89c8c7888ff7867a57c2df123e3c78ca1f841ff0a9343f1c7892dbe1f5d78c3fe160de7822d2f3fb374dbff1dff62ff609d6b5cffa183c45ff0008e579868f7b0e9de1df07df9d2adf5cb0d0cfdb6f74abbff9065ff73a31ce793e9ffd6af6b0bc2d94e0f0b1e5ca6115192942314f962af74aedb9cd4765ed2737a25ccf5bf554f1178b3178b963259a3ff85b4e2db5b45a49adb4f45641e0ff0015f8e3fe123d3fc55e15f11dcdb78834bd63fb6acf56b4bcfed2d4ff00b53fee60ff00a1b3f21d0835d5fc42f15f8a3c61f19b59f1178abc55a9fc47d4f4bb44f135de93aaeb03c49a85978972fa168de0cd1b273fd81e136d7230bb405c06cf38af9fb5cd42e3c19e181e46a96db75e6d4aef49d2ed723505dc78d699bf84100fa70091c0acef867aa1b0d7fc3e6fa0fed2b6b9d5c6b1ab59e73f6e55e83fc8eb5f451c2460bebaa314da693e58a9b5b37cdbecb6bef7f33c56f1d2c37d56536f2a73bf7bc9eb2f2ef66b5f91fbd3ff00048bf14cff000fbf683d4bc01aae6d87c57f85ba99c741ff00093f81ff00e2bb3fa8d681c7afb73fd27b4ff31e3ae0f4f51f5afe32ff00619f8cb0e9bfb72fc0c997fb474ef0febbf1474db2f0e787b55bc3a97fc229a5f8df49d73436d1ff00b6ce1b5e18d6c11900f0780738fec8fce3c1c75f6f4fc6bfc75fa7d70d7f64f8a991e73c8ffe321e1784e53e952a50ad56946cfed72529538b4f54d26b469bff00497e88b99fd73c3dcd327dde45c46b975da128c5e97e8ddda6b4dec5ff003fdbf4ff00ebd158fe7fb7e9ff00d7a2bf84beade5fd7de7f559ea1e7fb7e9ff00d7aafe7fb7e9ff00d7acff003fdbf4ff00ebd579a6ff003fe7f41f89af13eacefaa7bebf87f77c8e734a49f19f7c601e9f88fe43ea49afe66ffe0b51f07751f08fc54f01fed1ba5f87ade7f02f8e3c3a9e0cf1dea9a4d91c59f8e343cae8baceb87390de28f0fed2063e61a1b74db83fd2679bf36dfd71ed9f5af1af8eff00083c21fb427c29f1b7c1df1a8b883c3fe3ad23ec37775a581fda5a1ea6a3fb7b43d6b4553c30f0af8846181e181c74afe87fa3778a0fc1ff0013f28e29ab173c8eb4a583e26a5cb29db22c42e4f6b08d3929cab616a7b3af4e31e6e7a9085395e139465f9af8b7c00fc4ae08ccf87d28ba94d73c1bdeeacf9549a7652778b6b5ebbea7f0e72f8a74b8bc276f6226b9b7fb575d5ba7d83a0ff3fa77ac08bc77fda3e2df14788e09fed305d786f541f6abaff97eff0089c8d080cf18cf8738c75cf5e78afdcc9bfe0831a8ddeabf613fb4f6916fe12fb6601ff855fab8f118f729ff00090ffc2367d305c7ae7a57e0c7c45f09e8ff000fbc69f11fc29e1bd767f11691a5f8b754d1f48f10dcda369da96bde19d13596d1743d60e88ec486f1482be24c73ca8c8ce58ffb9be1cf8c1e1978ab5731a1c09c530cf5e4f1a352aafec4cf28fb1f6f193852abf58a7454a6f927efd29ce9251d65adcff2d38d7c1fe2be01c3ac4f10e55fd8d194ed4faf35b95464ad2d5b4f4bddebb0ba3de58eb1af69f7dae4fa97fc22f6b79f6df125dda7fc84ff00b2ff00ea079eff00e7a57ac430d8c3e08b89e0b1d4adbfb52f3543ff00136ff909d8697ff302cff9fd315c3f86fcff00f8437cfbef0e5b5b785eeaf3ec5fdadf63ff008ffd538eff00e7dbdfa8f126b1f63f0be9f04107fa45d0cffa5ffcb87f9fe75fa3621ded6d55ff0045d3a74dfc8fce6ba6f9709fe1b3f5b6da69d36ff33e70f15427ed5a7c17b9e3fd0ad2eeef383e99f6fea6b3e1d4a7b38ae3c8ff0047b8bacffa57f4c7e1ee715e93e30d33c2e9e18f0c11e24b6d6b50d76ccdeeb1a5da1ff914f3c7fc4efd7c4247e6a6bcfd3479fec77bfd973ff695bdb30b2bcbbbaff97019fc8f7aeba35b0d5b08d4e2e2d5eea4acb47d74b5af7f27ba3e9296171549d3c0e27def68e295b5bded6b5b56ecf5bdedbdf567e88ffc13a3f67af1bfed0dfb4afc2af11d9e9b716de0bf83facf86be2478e3c4db1bfb36c5344d5db5dd1b4a2c70a3c41e29fec5554505999892c155416fecb84a6638cf3f4c7f9ffebd7cbbfb2ff847c01e01f801f08f49f87de0fd37c1ba16a7e05f02f892f34bd2acc937faaeb7e0cd075dd775ad6fa7f6f78873f42000062be84fb4feef7e7be3a7f4feb5fe17fd28bc5ec678c1c77cf1cae594e49c2b2c4f0e6414a56f6a9d2ab0862b1188945ca1cf5e7056842538d3a50a5153a9252ab3ff00563c0ff0ef09e1b707ac3bbacdf3f50937b2f7926b757d137acad79396a968b77cff006fd3ff00af4573fe7fb7e9ff00d7a2bf983eac968ed75bedff00c89fb3ad91ea1e7fb7e9ff00d7aafe7fb7e9ff00d7ae7fed9eff00f8ed57fb67bffe3b5e2ac2b7d3f3fd18ecfb3fbbfaeebef3a0fb67bffe3b54a4bb5eec727a6011f4ff00f57ffaeb9c9b53effa7f4febd3e9dea0fb60f53f97ff005abaa38071d526d5adbfa3fbbf00b5f4b68f47f3b7fc0fc0b5afea7a5699a0f88af7c477bfd9be1fd3747d4ef7c4777f6bff008f1d2c68bff13b3f88fa9cfebfe7e5f143c306d3c67aa4fe1c9aff0051b0d575ad50f870ea831aa0d2c6b0c9a20d648240d79b710c075014fb1fec0ffe0a4bf154f823f669d7f4b8271fda1f116f078647fa671fd97a09feded77d73cff61e7ffac457f2bf0c53f9b71aadf73f66e6cfb75ffebd7fadff00401e17c6643c21c53c55ef72e7d513f67a28f2f0ff00b449c6eb9b9b9abd5b5ba49df9ef68ff000b7d29f32c2e6d9be57c3d7d725b5daddf338efdefcba5fadbc8f2a9fc61f17a7f0de9fe0005bfe118d07c4baaeb5a4787ad801a5d8f89b81adeb202e79c686c5b2700018c9ae0e69bc7dabdd7913c37375719eb69ee0ff9eb5f50685ac695a0dd79f7f05b5cfd97fe3ced3fcff9f7e6b97d63c5507f6a68f63a1e93ff00130babc07fe3cc7f3ff3f9d7fa0d4319ec6d3c2e569b6d49eceeddaedb6b56f77addbb6af73f92b119660f676dad7b2fcf7b74f9db7b9f3d5f69de28b4bab8b2d686a4b71f63e2d33cff00c86068247a6320e0e075e783c7ec57fc1303f626f0b7ed03a8eb1f133e25ea76daa7c2ff0086be23d22c87c2eb6bb2cde36f1ba68c75c09e31c3154f0e908a19c2893c5e91f951b2a1756fcebff41d4f58f13ea97d3dcdcdbdada7f62d9f5ff98163afbfe95fb27ff0473f11b596bff1bbc15e7ffa3ea7e11f02f8cbec9d3fe269a16b2ba16383ff0051d6f7afc87e9139ef1064de0e717673c37983c9b39a7878af694a09d4a34a556842b54a2edfbbaca94aa4615d353a6e5cf09466a3387ea3e0864bc3f8df11385f099ceb94b95f95aba72d251baeab9adeeed6d2d63f7f619c8f4e3fd91fd467ea0fd454ff006c3d33c7d2b87fed3ff67fcfe55621d4fbfe9fd3faf4faf6aff09e5809d46e73bca526e526f5bca4ef27f37a9fea5a5156515eec74869b25b5bb6891e83f6bff00687fdf27fc28ae35350876f047fdf58fe94579df539f697e1e5e7e6867b74da743cfcf31ebfc63b74e8a2b2a6d3a1cff00ac9fa8ff009683d3fdda28af9dc349ddeaf4b5b57a7bd0d8f5ecbb2fb8c99ac21fefcbd47f18f4ff0077153c5a7c24fdf98727a38f4ff768a2bd26df2adfe1fd623b797e1fd765f71f8e9ff05798dad7c2ff0009ed219a6580685f13b55d9bc1ff004c3ff081fef33b47a74ebef5f83fafe93636f6da2da4508586fb47ff00485cf2dd3a1edfad1457fb49f43eff009321c2cfab8710b6fabff85dce16bdf4497a248ff36be90bff00273334f4e1dfc631bfdf777f56715e278a0f0778756fb48b785b5093fb5775fdf27db2ef83ff003d6423ff0041ac4f0969d047e1ed53c60cd2dc6bd2da6a9bef2e24f30fa70b85f41de8a2bfaa2efea7d7fa67e09ff319fd7629c76502fc38b5bc0a7cfbed575492e1b3c3b71db1c7eb5fa75ff04959e66fda3b5fb5323793a87c16d485d2f1f3fd9759f02f95db8c77e0e7da8a2bf2ef1ed5fc20e3e4d5d7faa989766aeaeb0f59a7ea9a4d3e8d27d0fd1bc21ff939dc2aba73434e9f140fe85a6b18fceff593f61feb3dff00ddeb4b0d847ff3d27e3fe9a0ed8ff67df9f5a28aff00117ecaff00b77f347fa92b65e8bf2343ec31ff00cf59ff00efb1ff00c4514515caba7cbff718cfffd9, 6984, '2021-04-04 07:21:35', 2),
(36, 39, 'Szücs', 'Eszter', 0xffd8ffe000104a46494600010101007800780000ffdb004300080606070605080707070909080a0c140d0c0b0b0c1912130f141d1a1f1e1d1a1c1c20242e2720222c231c1c2837292c30313434341f27393d38323c2e333432ffdb0043010909090c0b0c180d0d1832211c213232323232323232323232323232323232323232323232323232323232323232323232323232323232323232323232323232ffc00011080064006403012200021101031101ffc4001f0000010501010101010100000000000000000102030405060708090a0bffc400b5100002010303020403050504040000017d01020300041105122131410613516107227114328191a1082342b1c11552d1f02433627282090a161718191a25262728292a3435363738393a434445464748494a535455565758595a636465666768696a737475767778797a838485868788898a92939495969798999aa2a3a4a5a6a7a8a9aab2b3b4b5b6b7b8b9bac2c3c4c5c6c7c8c9cad2d3d4d5d6d7d8d9dae1e2e3e4e5e6e7e8e9eaf1f2f3f4f5f6f7f8f9faffc4001f0100030101010101010101010000000000000102030405060708090a0bffc400b51100020102040403040705040400010277000102031104052131061241510761711322328108144291a1b1c109233352f0156272d10a162434e125f11718191a262728292a35363738393a434445464748494a535455565758595a636465666768696a737475767778797a82838485868788898a92939495969798999aa2a3a4a5a6a7a8a9aab2b3b4b5b6b7b8b9bac2c3c4c5c6c7c8c9cad2d3d4d5d6d7d8d9dae2e3e4e5e6e7e8e9eaf2f3f4f5f6f7f8f9faffda000c03010002110311003f00d5b3b88b748107cdd31b453353ba9b30430dba3bb1030abc9ab2622f32c50c7b2471f7b1c01eb5b7a7d8dbd9479525a623991f963fe15e550a7cdef743592e860c5e1ed4ee9374fe4c2a4fcb1b1e47e42b534fbe974fb4bb4be78e368b810951c8f51ea0d6c864039e0fbf7a65dd85aea50186ea3047f0b03865fa1ade54d2f84a868eecf348b529a4bbb8464548a79320ede95e81e189ee1e59145c921070bb473fa5731a8e993e8082dd9526b4964ca4f8e47b11d8d6b586a1159ea76e51944722e0906b58d650b26c538dcec67bd92e916ca44c798c10fca2b1f5eb7fb0595d5baeddbe5e47ca3a62b5e39e2bb92111b8cf98306b3fc678314e17af93cfeb5729a6ae98a9ad6c78f4e25b74855f011cee5e2bb8d0e49e5d3d4c8cbf7783815c7ebcae8b6318e4ecad48b5436ba5c71c7f310bf311dab2a89ce0ac75c3dd9316ff00536b4bd9042577afaa8355f56d427be8623263ee7f74573f3dc35cde125be663cd6a4b307b455239418a1c14521c66e526558322041ede945245fea539ed452345b1de8be44b7170e71bce071c91daac5b5c4920f30fca839e6b9ad0ee9b5123ed0006b6246dec41e41fe7f9574f14525cb2aa0e09e3dffcff009f774d5a291c0ec5a5b8c9193b89e8055d8448ce15fefe40dbdf9e9c5118b3d32013dcce96f19fbd24870cdc738079c5725aff008a6f751b392db41923b0b62b87bc9172cfee3d07e3f9d36e2b72e3094f637b59f10693a6a3417f224ac786b75c31cfb8e9fceb8cb9f1068124c0dbd8240e4f1fbe9067f0c62bcca7b4316a93235d9bd901dcf38272e3a92093f856ae8b3da26a48f968a053961330c2fea6aa745f2dc98ce3cdcb247a3d878892caed498e57119e5566fe856ba1bad52db5cd36ea5b690efdbf3237de5ffeb57010de5bcb75249223319e32b108a2d8587ae31d3f2e94eb0d674eb19fe7ba957746cacc22257db183923df1f9d651a734aca3a1ade9ad992eab6525cea56d107e15002456a7fc23e2d2cd8bb1c38e4fad45a44f0dd4d148b8951c03b94e41ad2f10df848c2827620e94a5269a89b24ace4725040b65348cd10277705876a8a59bcd7723033daa5bcd444b0a395ef59d149c127b9ad9ed76651f88b76ab880062320d1551250a08cf7a2b337373c2f696f67a70d4aeae26134ebb7c9c60150782735a7aaf8d5349b36959d6d626e1768cc8fecbdff00a573faeeb50e8f69f69ba3ba67ff00530e7973ededea6b86d345cf89bc4d1dd5d92ea87cc71d9547451f8e2aa29cbd0e59597a9dcecd535e83ed32dbcbe58f9da2662760ff006dbd6abb585a36d1a84d2de1e91dac05b627fbaa393f53fa57516b7367059adbdc7992440ef78a37dbe6bf400fb0aada94f772964b71a7584382582265b1ef8fbc7ea7153b3b2375aa3cc3c59e5d9ea58b6b39ed2292219497237609e9fa669fe1a7b6b9d56dbccb68911705d14921c8c9e724fa51e2ad9a95fc31db5ebdeb468439380339ed8e33fe15534dd33508ae637b4b793cccf1b8e0023d735d74e4d455ce1a91bc9d8f48bdf1ad9b69d3c0b6b02b06589d957e62a5b079fa647e358da8412dd411dfc71246d3cb26d09c77181ed81c0ae4af21bbfb65c24b03c265f98a96e073d41ee335b16da9dcb697069f76b2466dcb60ed3f3671ce7a76abe6447235b9dc782639b4ad42f2d6ea2dbc24e89d71bb39fd467f1a9758b86bcd4a646428b9000ed50f815e6916ea698192690a9525b38403007e19cfe34cbdbeb73a949196e59b1f4ae09b4eab68ee6f928c5332b28b208dd46d5639aaf2c68a1595b3b8938f4abd76d0c57063665c75073d6aa4fa6cbe4ace255541d01ab94d24aeccf9d45dcc26bc3bdb9ef454cda0dd4ccd244eacac7391452b95eda3dcc1d55a5bcb97bdb894c9237033d147a0f415d6f8634c6d3f4b0ee8c269cef208c617f847f5fc6b3bc2da2fdb67692eb261b593041e9238e47e18c135df24419b2464f602b594b9512a3795cc3921b807732b2a8e4b1ed593ae6a1142d15890cc870ce0fa13c13fe15d56ad20df15b960581deffd07f5af31f11df38f104f37550028f4207045630f7e5a9b4fdc8e8771a1dcc1a75dab790186307e87d2ba4f11ca874359a063e5b30248eb8ef5e77a36a9e740257042819c91e95d969f730eada6cb64ce14b8cc64f40d54aa4a1744d4a6aa479a3b940c9a5ceef6643cb68e321c839563db3f5a9b57d2f6e982545dca300e3fad66dc4f25b66d9a131b21c4808e95a906aa5ec64b761b83e0827d2b2db60a55b9ef17b9abe0b852c6d1ee27242907a1e9c5633d9c5777373238dae58b0c9ae8add94f876ebcac2c91a66b2dc79561f26c76d9876cf35cd39be66fee393197534bc8a165a45adcc826ba62eb072707ad5c92fed2e81b7822f97b6476ac7b3d5664792ca28ba8c1623b55c441f6f8a194f950a272e3f956559c5b5526f6d8e552e842c8e1888240a99e83d68ab32aed95c4446ccf14576425cd14d1d51a72b7c48b90c10d94096d0afca8319f53dc9f7357cbadada3cefc2aa9627d05538339dc7079ef5535bbd2db2d13d9a4fe83fad6b377d0ee844e660d566bdd42e1a40566690b98d8ff000e3803e98a749a65b4cfbe68c316ea0d5ff2a32c1f60de06338e69a4166c52f42eda5998a9a65d456faa496d0b7d9239115d87450c3a7e952d95e496e410715d7e9daed9da7856e2d05b1795efdc4ac06776154007e8335cb4d6c2492496da19161073865e956d2ea60a7ad8eb2c751b1d41624d4230e5780ffc43dbdc547afdb476f24525ba6212708c3a11fe3ed5cb452347c835606af712b2d9331f2c90cc3e953ecd5ee29462e5cdd4ecf45916e164864fbb2c7e59fcb15cd35adcbea125a5a0777ced607a2915a9a3cdb275e7ad45ab4f2da6ad23c05d3790e4af704573d55a34b732c647dd8ccb561a24fa6da5c1ba6859db9e0f35c8dddc4b728f1073e6799cb67a0a5b8d72ea79e48417209fbd9a698bfb3ad58cd2005c6ef5ae3852ace37a8d36b6386cba0ed3e6792073bddb1215c83d7a515169770ab687c82150b9386eb9a2bb92b2b0f9da3b13729144d2363622e6b0d0493caf2bf2ce771ac2f16eacea62b0b79086044929538c7a0febf9566d9f88752b7c012acabe922e4fe75d31a326ae8f4dd78c65caced997647d39cd64ea1acdb5846c88eb25c11c2af383ef5cdea9addf5eb80f27971918d91f159d0a9cd691a1fcc673c4f489ec1f0c7498350f0d48d3ca8666bb7cefee4e326ba5f117871f4fb1dd68f133375515c6782c083405de1b324cee3e9d3fa56fcf2bc8b80cf81d8b565562dc9abe809270574723ab58369eebf6855899c670bd2b3122c5da49ed8adad65bed0db6625f071c9e6b09ccf6e555186d278c8cd5469cec66ab723b4b54747a6b1170b5a9ab69cf70d6d335d4514617952796aa1a1a6997a173a924772bf7a33c01578c3a75d4eeaf209f61c6fcfcb5c955ebdac2c4d78ca2a3133357d221b683759e1c83965033c560d932dcbdc23857c2e1039fbb56758d666d2b5763a7b79b08f95830ca9ac59eea396f16e11047239c954e99a54e093e6ee7323a0b2d374a4b65f3e755918e58668aa573a44778e93a4850320c83eb4553a516eed95ee9c4091e79de6958bc8e4b331ee4d5a81063f0a28af590c8a7506502b5742b086fb54b6b694b8491c06da7068a28635b9eba2c60b655b78576471aed551d85492dba2d9bb82db80eb9a28ae1ea777438cd4a30e84966ce7a83598b671f9fb773918cf268a2bb296a8f3e7b94b4c4075bf28f2a4f39fad77fe26db0e9d1dbc31a451c5102a10639a28af231fb928e56c97759b863b874c102a7d2aca07d4d2368c15da78c514512d29c9aec67d4b1ab37957c63450aaaa0000514515e4d36dc11a1ffd9, 3399, '2021-04-04 07:31:53', 2),
(37, 40, 'Szőke', 'Lilla', 0xffd8ffe000104a46494600010101007800780000ffdb004300080606070605080707070909080a0c140d0c0b0b0c1912130f141d1a1f1e1d1a1c1c20242e2720222c231c1c2837292c30313434341f27393d38323c2e333432ffdb0043010909090c0b0c180d0d1832211c213232323232323232323232323232323232323232323232323232323232323232323232323232323232323232323232323232ffc00011080064006403012200021101031101ffc4001f0000010501010101010100000000000000000102030405060708090a0bffc400b5100002010303020403050504040000017d01020300041105122131410613516107227114328191a1082342b1c11552d1f02433627282090a161718191a25262728292a3435363738393a434445464748494a535455565758595a636465666768696a737475767778797a838485868788898a92939495969798999aa2a3a4a5a6a7a8a9aab2b3b4b5b6b7b8b9bac2c3c4c5c6c7c8c9cad2d3d4d5d6d7d8d9dae1e2e3e4e5e6e7e8e9eaf1f2f3f4f5f6f7f8f9faffc4001f0100030101010101010101010000000000000102030405060708090a0bffc400b51100020102040403040705040400010277000102031104052131061241510761711322328108144291a1b1c109233352f0156272d10a162434e125f11718191a262728292a35363738393a434445464748494a535455565758595a636465666768696a737475767778797a82838485868788898a92939495969798999aa2a3a4a5a6a7a8a9aab2b3b4b5b6b7b8b9bac2c3c4c5c6c7c8c9cad2d3d4d5d6d7d8d9dae2e3e4e5e6e7e8e9eaf2f3f4f5f6f7f8f9faffda000c03010002110311003f00eeb79f45ff00be451bcfa2ff00df229b45739f443b79f45ffbe451bcfa2ffdf229b45003b79f45ff00be4543757f6f63019eeee20b7881c6f94aa8cfd4d43a96a16fa4e9b717f74db618137363a9f403dc9e2bc42feef55f19eb02e6ff007adb29f9225fb912fb0ee7d4d06552af268b73d7ec3c67a16a7792dada6a3033c640dcc02ab1ff00649eb5b9bcfa2ffdf22bc51744736994b1dd662424ae3939ce08ad4f066b9a8681ad43a1ea72996c6e8858199b26090f45fa1e98a49a6442b3bda48f57de7d17fef9146f3e8bff007c8a6d14ce81dbcfa2ff00df228de7d17fef914da2801dbcfa2ffdf228a6d14005145140051451401c57c4dbd10f87e1b3e737538c9f455e7f9e2abf84b4ed3e34592e0c3b64fb8924801da3a71fad59f889a64ba958da7947985da4231d401cfe99aad69e16bbbe860963684db63320c8f931ee707d0e6b1a9ae8612ba936773712e996b606395ade189b81bb00135e2fe36b44b3d423bdb694b2f989246e872060f4fd01fcebbe6d22f2ff0046d36317237b8956366206707e5ebc648e7f0aa9ac7868c36f696d73309a57917ce573bb6a861800d447dd7725eab94eced2e56f6ca0ba43959a35907e23353532141146235185538007614fae93a028a28a061451450014514500145148580f53f419a6937b1329462af2762adfc3e6a211f790923f2ae5e47fb1ea975044f1dc246f978548ddb4f3b73d88cf4ae92fafa4822263b6776f5620015e69716977a6eb734f6e587da712a391c330e194fe5fad4d5a4d47999caf134e735183b9d769fa84888c2533de4614ac3048c36479e7278c922ae6996ef75e74ef809b9517031c82093fa0ae5ed35bd6ae99a1104704783be43ced1df02baaf0f5bdd5ad9ac4c0723cd90393b816e7f962a28d37393b741d5c442934e5b337a8a904129191b0fe34c65646dae30c46719addd3947568ba789a551da2f5128a28a83a028a28a00ceb0bc69238fcc7e12152e4fa9cf39fc2b415830c8f5c5645de937118b8974b995249570d0cc32879cf07aa9c93edcd679f125f69aa3fb5f45911bbcd1b650ff4fd6b3bca3b9176b73a2b96db105dc577b05c8ea2ad5accb2f991600789b6b28ae7ff00b66c758b56fb2b481e3f9c0c771dab437c63c40c381f6bb61221071965ff00eb1aedc3494a2ec78d98b6ea27d0b735ba3a10c061bfc2b8a33df5ceb105a4fa72a69723ed8e5da4c9e6ff007bfddedfad7a02c6a02b16638395dddaaaea5a641aadbbdb4fb802772b29c1047706b692524e2ce1a72709292e8626a3a2986330da5b87965f9492e004078cf3d7e9567c3cbaa456738d6215375139433c630265c70d8fd081e957ac8068d05c31926b6f91598e48f73ef5a01b1f9567429aa51b1ae22abad3bf423f351600db86da89a45997cd00e376c5c8fcea5944688f28401b1d6a8cb3b88cfca42c69c311f798f5c0ad26d72bb9146eaa26bb93529042b3104015c1ea9e28d4c5e9b1b4de496da9b57e663ec2a5b64f199bc8a57dedb7902e1d760fa8f5af339dbd8fa4e76f647632dc470305908048c8fa5159b058ea7227997d3d9c970e72dfba62076007cc3d3d28a5ef85a46bd1d4104020f5047068a2b534389b1823d33c4d7b1451a888c876803a03ce3f5ad5d698c30e933a2b1f2e528594f201078aa377f27896ec7fb4a7f35152eab25d2b5ac56d2c5ba57deb1c83243007e61ea3b11ef4f0b2b5468f2f3085e09f63a6b0d4565b48c48240d8ea632335716789e5c2480b01caf7ae5f4fbfbad8aa5551df8dfb8e14fd3ad6adac77293969ef1ae4919506354dbf4c7f5af42c8f1f52e98554f9b8f9d9f078c53ccf1a164f999c750aa4d54370df68d8d1c8cb9ceefee91eb55aea3924b9df15dcb06546f58c29dc474ce41f5a00bd7324d3db3c70c6c1b07049191ef8ac9bdbb966da1f8c02c31f9558686eee2336d2dec8558ffac8d446e07a123fa62b28c8c6dda56dc0e3003750057362a56a76ee7660a1cd56fd8a9e1dd3d078866b9382d0c2707ddce3f9035d7d73be16f9e6d465ff006d13f427fad7455c94fe13df5b0514515630a07271451401e7f2ea02ef5cba9c2940652a013ce17e5fe95b52ed9458ca705a2b85c7fc0811fd6b1fc436f243e2875860db1cc8b206ce149e84fd734fb9bd1670db5b79892dd4b3c6046a49f2c6e1c9f7c7414a9d29fb4ba479d89ab0507193d4d5fb435bcfe57dae38989ff53710e14fd1856b437492c81d1d194273b7a0aad7ca8f086650c5482323dea7824554c85181d857a478a5dcf2edbb2a541eb5526611b297e3232cdef4ac7132b42c0c64658118e3dbf1a6349bc67fdafe54087594c92cec236f358f1d3013ff00af5cd5edfaaa3a03f75883f81aea2d9c019f5e6bcff538e79af66b7850abb4eca4f0c31b8f381ce6b9b134e5512e5e876e0aac69c9f3753a3f045c7996f7aa63705a5f3439fbac3eee3ea0a9aeaab3743d261d1b4c4b689406277caddd98fad69573d92d11ee53bf2ab85145141659fb3a7ab51f674f56a28a0666ebda74171a3dc19376e890c88c0e0a915e7d69046350b018e3ed228a2baf0fb33c5ccd2e7476d750af92793496d10da793d28a2b63cc15a30938504e31c67b734a62511c5c9e5734514c44d142bb472d4fb0d06ca39daff0ef71231219ce4267fba3b7f3a28ac6bbf74f432e49d5d4d3fb3a7ab51f674f56a28ae33de0fb3a7ab51451401fffd9, 2562, '2021-04-04 10:47:58', 2);

-- --------------------------------------------------------

--
-- Tábla szerkezet ehhez a táblához `terms`
--

CREATE TABLE `terms` (
  `ID` int(11) NOT NULL,
  `header` varchar(255) DEFAULT NULL,
  `description` mediumtext DEFAULT NULL
) ENGINE=InnoDB DEFAULT CHARSET=utf8mb4;

--
-- A tábla adatainak kiíratása `terms`
--

INSERT INTO `terms` (`ID`, `header`, `description`) VALUES
(3, 'Felhasználási feltételek', 'Az alábbiakban ismertetett Felhasználási feltételek (a továbbiakban: „Feltételek”) az Ön és a CHAT APP alapvető jogait és kötelezettségeit tartalmazzák a szolgáltatások igénybevételével kapcsolatban. Bár a Feltételek jogi nyelven vannak megfogalmazva (mivel alapvetően jogi szövegről van szó), megpróbáltunk a lehető legközérthetőbben fogalmazni, hogy biztosak lehessünk benne, Ön tudatosan döntött úgy, hogy szolgáltatásainkat az itt leírt kötelező erejű Feltételeknek megfelelően használja (és ez kötelező erejű megállapodást jelent Ön és a CHAT APP © 2021 Szántó Benjámin között).'),
(4, 'Szerzői jogok', 'Az szoftver üzemeltetői semmilyen felelősséget nem vállalnak a felhasználók által feltöltött médiák, és a csevegések tartalmai esetében. Ez teljes mértékben a Felhasználó felelőssége.'),
(5, 'Közösségi szabályzat', 'Az oldalunkon mindenki köteles a magyar törvényeket betartani, amelyek ránk és a felhasználókra is egyaránt vonatkoznak, melyeket nem mi írunk. Amennyiben törvénysértő tartalmat találunk, azt eltávolíthatjuk, a felhasználót tilthatjuk!'),
(6, 'A közösség védelme', 'Rendkívüli esetekben törvénysértéseken kívüli esetekben is beavatkozhatunk a közösség védelme érdekében, letilthatunk bizonyos funkciókhoz való hozzáférést, törölhetünk tartalmat, vagy akár a fiókot. A közösség védelme érdekében bármilyen nevet használhatsz, de törölhetünk, ha más nevével visszaélsz, a neved másokat sért, túlságosan vulgáris vagy szexuális tartalmú.'),
(7, NULL, 'Saját védelmed érdekében soha ne oszd meg a jelszavadat, ne adj hozzáférést fiókodhoz másoknak.'),
(8, 'A CHAT APP nem használható az alábbi esetekben', '13 éves kor alatt, illetve amennyiben korábban letiltottuk a fiókodat törvénysértés vagy a szabályzataink megsértése miatt.'),
(9, 'Agresszió', 'Minden felhasználót arra kérünk, hogy kerülje a rendkívül erőszakos tartalmak megosztását, annak ellenére, hogy az erőszakot ábrázoló tartalmak közzététele lehetséges, ha azokkal a felhasználó elsősorban valamilyen társadalmi problémára szeretné ráirányítani a figyelmet. Amennyiben az agresszió, erőszak közzététele öncélú, beavatkozhatunk, és akár a tartalmat is eltávolíthatjuk.'),
(10, 'Szexualitás', 'Mindenkit arra kérünk, hogy a CHAT APP-on kerülje a meztelenség, a szexuális tevékenységek propagálását. A túlságosan vulgáris, szexuális, zaklató jellegű megnyilvánulások, megosztások jelentése esetében beavatkozhatunk és akár a tartalmat is eltávolíthatjuk, akár a fiókot is korlátozhatjuk.'),
(11, 'A FELTÉTELEK MÓDOSÍTÁSA', 'Folyamatosan azon dolgozunk, hogy szolgáltatásainkat további szolgáltatásokkal egészítsük ki, és ennek, illetve az alkalmazandó jogszabályok esetleges változásainak következtében előfordulhat, hogy a Feltételeket időről időre felülvizsgáljuk és átdolgozva újra kiadjuk. A hatályos Feltételek áttekintéséhez rendszeresen látogasson el erre az alpontra. '),
(12, '', 'Abban az esetben, ha a módosított Feltételeket nem fogadja el, kérjük, a továbbiakban ne használja szolgáltatásainkat, és/vagy szüntesse meg a felhasználói fiókját. Bármely szolgáltatásunk további használata a módosítások elfogadásának minősül.'),
(13, '', 'A szoftver szabályzatának, felépítésének, tartalmi elemeinek megváltoztatására vonatkozó jogát az üzemeltető fenntartja! A szabályzat megsértése esetén jogában áll az üzemeltetőnek az szoftverben gyakorolt jogait felfüggeszteni, és indoklás nélkül zárolni felhasználói fiókját.'),
(14, 'Jogi Nyilatkozat', 'Felhasználói szerződés létrejön a regisztrációval egyrészt a regisztráló felhasználó, illetve az üzemeltető között.');

-- --------------------------------------------------------

--
-- Tábla szerkezet ehhez a táblához `user`
--

CREATE TABLE `user` (
  `ID` int(11) NOT NULL,
  `username` varchar(40) CHARACTER SET utf8mb4 COLLATE utf8mb4_bin DEFAULT NULL,
  `email` varchar(40) DEFAULT NULL,
  `password` varchar(40) CHARACTER SET utf8mb4 COLLATE utf8mb4_bin DEFAULT NULL
) ENGINE=InnoDB DEFAULT CHARSET=utf8mb4;

--
-- A tábla adatainak kiíratása `user`
--

INSERT INTO `user` (`ID`, `username`, `email`, `password`) VALUES
(4, 'user1', 'user1@mail.com', '1'),
(5, 'user2', 'user2@mail.com', '1'),
(6, 'user3', 'user3@mail.com', '1'),
(11, 'user4', 'user4@mail.com', '1'),
(30, 'teszt', 'teszt@mail.com', '1'),
(38, 'teszt1', 'teszt1@go.com', '1'),
(39, 'teszt2', 'teszt2@go.com', '1'),
(40, 'teszt3', 'teszt3@go.com', '1');

--
-- Indexek a kiírt táblákhoz
--

--
-- A tábla indexei `about`
--
ALTER TABLE `about`
  ADD PRIMARY KEY (`ID`);

--
-- A tábla indexei `app`
--
ALTER TABLE `app`
  ADD PRIMARY KEY (`ID`),
  ADD KEY `privacy_policy_ID` (`privacy_policy_ID`),
  ADD KEY `terms_ID` (`terms_ID`),
  ADD KEY `help_ID` (`help_ID`),
  ADD KEY `about_ID` (`about_ID`);

--
-- A tábla indexei `encrypts`
--
ALTER TABLE `encrypts`
  ADD PRIMARY KEY (`ID`);

--
-- A tábla indexei `help`
--
ALTER TABLE `help`
  ADD PRIMARY KEY (`ID`),
  ADD KEY `help_group_ID` (`help_group_ID`);

--
-- A tábla indexei `help_group`
--
ALTER TABLE `help_group`
  ADD PRIMARY KEY (`ID`);

--
-- A tábla indexei `messages`
--
ALTER TABLE `messages`
  ADD PRIMARY KEY (`ID`),
  ADD KEY `messages_ibfk_1` (`sender_ID`),
  ADD KEY `messages_ibfk_2` (`receiver_ID`);

--
-- A tábla indexei `messages_content`
--
ALTER TABLE `messages_content`
  ADD PRIMARY KEY (`ID`),
  ADD KEY `messages_content_ibfk_1` (`messages_ID`),
  ADD KEY `messages_content_ibfk_2` (`sender_ID`),
  ADD KEY `messages_content_ibfk_3` (`is_encrypts_ID`);

--
-- A tábla indexei `privacy_policy`
--
ALTER TABLE `privacy_policy`
  ADD PRIMARY KEY (`ID`);

--
-- A tábla indexei `profile`
--
ALTER TABLE `profile`
  ADD PRIMARY KEY (`ID`),
  ADD KEY `is_encrypts_messages_ID` (`is_encrypts_messages_ID`),
  ADD KEY `user_ID` (`user_ID`);

--
-- A tábla indexei `terms`
--
ALTER TABLE `terms`
  ADD PRIMARY KEY (`ID`);

--
-- A tábla indexei `user`
--
ALTER TABLE `user`
  ADD PRIMARY KEY (`ID`) USING BTREE;

--
-- A kiírt táblák AUTO_INCREMENT értéke
--

--
-- AUTO_INCREMENT a táblához `about`
--
ALTER TABLE `about`
  MODIFY `ID` int(11) NOT NULL AUTO_INCREMENT, AUTO_INCREMENT=3;

--
-- AUTO_INCREMENT a táblához `app`
--
ALTER TABLE `app`
  MODIFY `ID` int(11) NOT NULL AUTO_INCREMENT;

--
-- AUTO_INCREMENT a táblához `encrypts`
--
ALTER TABLE `encrypts`
  MODIFY `ID` int(11) NOT NULL AUTO_INCREMENT, AUTO_INCREMENT=3;

--
-- AUTO_INCREMENT a táblához `help`
--
ALTER TABLE `help`
  MODIFY `ID` int(11) NOT NULL AUTO_INCREMENT, AUTO_INCREMENT=40;

--
-- AUTO_INCREMENT a táblához `help_group`
--
ALTER TABLE `help_group`
  MODIFY `ID` int(11) NOT NULL AUTO_INCREMENT, AUTO_INCREMENT=5;

--
-- AUTO_INCREMENT a táblához `messages`
--
ALTER TABLE `messages`
  MODIFY `ID` int(11) NOT NULL AUTO_INCREMENT, AUTO_INCREMENT=130;

--
-- AUTO_INCREMENT a táblához `messages_content`
--
ALTER TABLE `messages_content`
  MODIFY `ID` int(11) NOT NULL AUTO_INCREMENT, AUTO_INCREMENT=395;

--
-- AUTO_INCREMENT a táblához `privacy_policy`
--
ALTER TABLE `privacy_policy`
  MODIFY `ID` int(11) NOT NULL AUTO_INCREMENT, AUTO_INCREMENT=10;

--
-- AUTO_INCREMENT a táblához `profile`
--
ALTER TABLE `profile`
  MODIFY `ID` int(11) NOT NULL AUTO_INCREMENT, AUTO_INCREMENT=41;

--
-- AUTO_INCREMENT a táblához `terms`
--
ALTER TABLE `terms`
  MODIFY `ID` int(11) NOT NULL AUTO_INCREMENT, AUTO_INCREMENT=15;

--
-- AUTO_INCREMENT a táblához `user`
--
ALTER TABLE `user`
  MODIFY `ID` int(11) NOT NULL AUTO_INCREMENT, AUTO_INCREMENT=44;

--
-- Megkötések a kiírt táblákhoz
--

--
-- Megkötések a táblához `app`
--
ALTER TABLE `app`
  ADD CONSTRAINT `app_ibfk_1` FOREIGN KEY (`privacy_policy_ID`) REFERENCES `privacy_policy` (`ID`),
  ADD CONSTRAINT `app_ibfk_2` FOREIGN KEY (`terms_ID`) REFERENCES `terms` (`ID`),
  ADD CONSTRAINT `app_ibfk_3` FOREIGN KEY (`help_ID`) REFERENCES `help` (`ID`),
  ADD CONSTRAINT `app_ibfk_4` FOREIGN KEY (`about_ID`) REFERENCES `about` (`ID`);

--
-- Megkötések a táblához `help`
--
ALTER TABLE `help`
  ADD CONSTRAINT `help_ibfk_1` FOREIGN KEY (`help_group_ID`) REFERENCES `help_group` (`ID`);

--
-- Megkötések a táblához `messages`
--
ALTER TABLE `messages`
  ADD CONSTRAINT `messages_ibfk_1` FOREIGN KEY (`sender_ID`) REFERENCES `profile` (`ID`) ON DELETE CASCADE ON UPDATE CASCADE,
  ADD CONSTRAINT `messages_ibfk_2` FOREIGN KEY (`receiver_ID`) REFERENCES `profile` (`ID`) ON DELETE CASCADE ON UPDATE CASCADE;

--
-- Megkötések a táblához `messages_content`
--
ALTER TABLE `messages_content`
  ADD CONSTRAINT `messages_content_ibfk_1` FOREIGN KEY (`messages_ID`) REFERENCES `messages` (`ID`) ON DELETE CASCADE ON UPDATE CASCADE,
  ADD CONSTRAINT `messages_content_ibfk_2` FOREIGN KEY (`sender_ID`) REFERENCES `profile` (`ID`) ON DELETE CASCADE ON UPDATE CASCADE,
  ADD CONSTRAINT `messages_content_ibfk_3` FOREIGN KEY (`is_encrypts_ID`) REFERENCES `encrypts` (`ID`) ON DELETE CASCADE ON UPDATE CASCADE;

--
-- Megkötések a táblához `profile`
--
ALTER TABLE `profile`
  ADD CONSTRAINT `profile_ibfk_1` FOREIGN KEY (`user_ID`) REFERENCES `user` (`ID`) ON DELETE CASCADE ON UPDATE CASCADE;
COMMIT;

/*!40101 SET CHARACTER_SET_CLIENT=@OLD_CHARACTER_SET_CLIENT */;
/*!40101 SET CHARACTER_SET_RESULTS=@OLD_CHARACTER_SET_RESULTS */;
/*!40101 SET COLLATION_CONNECTION=@OLD_COLLATION_CONNECTION */;
